Identificador,Tipo_de_subasta,Cuenta_expediente,Fecha_de_inicio,Fecha_de_conclusion,Cantidad_reclamada,Lotes,Anuncio_BOE,Valor_subasta,Tasacion,Puja_minima,Tramos_entre_pujas,Importe_del_deposito,id,Juzgado,Provincias
SUB-JA-2022-203774,JUDICIAL EN VÃA DE APREMIO,2813 0000 06 0196 20,11-11-2022,01-12-2022,"57.709,87 ",Sin lotes,BOE-B-2022-34690,"74.451,38 ","74.451,38 ",Sin puja mÃ­nima,"1.489,02 ","3.722,56 ",2,JUZGADO 1Âª INST E INSTRUCC. 6 , AVILES
SUB-JA-2022-199513,JUDICIAL EN VÃA DE APREMIO,4118 0000 06 0518 16,11-11-2022,01-12-2022,"130.303,48 ",Sin lotes,BOE-B-2022-34680,"127.877,79 ","0,00 ",Sin puja mÃ­nima,"2.557,55 ","6.393,88 ",3,JUZGADO 1Âª INST E INSTRUCC. 3 , ALCALA DE GUADAIRA
SUB-JA-2022-203906,JUDICIAL EN VÃA DE APREMIO,1777 0000 06 0424 20,11-11-2022,01-12-2022,"183.101,56 ",Sin lotes,BOE-B-2022-34729,"450.500,00 ","0,00 ",Sin puja mÃ­nima,"9.010,00 ","22.525,00 ",4,JUZGADO 1Âª INSTANCIA 1 , ORIHUELA
SUB-JA-2022-203457,JUDICIAL EN VÃA DE APREMIO,2199 0000 05 0054 20,11-11-2022,01-12-2022,"33.352,36 ",Sin lotes,BOE-B-2022-34719,"79.500,00 ","0,00 ",Sin puja mÃ­nima,"1.590,00 ","3.975,00 ",5,JUZGADO 1Âª INSTANCIA 5 , LLEIDA
SUB-JA-2022-202354,JUDICIAL EN VÃA DE APREMIO,1674 0000 06 0346 17,11-11-2022,01-12-2022,"144.671,71 ",Sin lotes,BOE-B-2022-34708,"159.700,00 ","0,00 ",Sin puja mÃ­nima,Sin tramos,"7.985,00 ",6,JUZGADO 1Âª INSTANCIA 2 , GIRONA
SUB-JA-2022-199663,JUDICIAL EN VÃA DE APREMIO,4513 0000 25 0267 18,11-11-2022,01-12-2022,"129.431,27 ",Sin lotes,BOE-B-2022-34766,"231.445,00 ","0,00 ",Sin puja mÃ­nima,Sin tramos,"11.572,25 ",7,SERVICIO COMUN GENERAL SUBASTAS , VALENCIA
SUB-JA-2022-203425,JUDICIAL EN VÃA DE APREMIO,4859 0000 06 0670 20,11-11-2022,01-12-2022,"101.133,00 ",Sin lotes,BOE-B-2022-34698,"139.056,77 ","0,00 ",Sin puja mÃ­nima,"2.781,13 ","6.952,83 ",8,JUZGADO 1Âª INSTANCIA 5 , DENIA
SUB-JA-2022-200737,JUDICIAL EN VÃA DE APREMIO,4690 0000 05 0834 21,11-11-2022,01-12-2022,"48.776,37 ",Sin lotes,BOE-B-2022-34692,"175.460,00 ","0,00 ",Sin puja mÃ­nima,Sin tramos,"8.773,00 ",9,JUZGADO 1Âª INSTANCIA 4 , BARAKALDO
SUB-JA-2022-200790,JUDICIAL EN VÃA DE APREMIO,1429 0000 00 0204 20,11-11-2022,01-12-2022,"122.499,33 ",Sin lotes,BOE-B-2022-34697,"173.340,09 ","0,00 ",Sin puja mÃ­nima,Sin tramos,"8.667,00 ",10,JUZGADO 1Âª INSTANCIA 7 , CORDOBA
SUB-JA-2022-202075,JUDICIAL EN VÃA DE APREMIO,4528 0000 06 0530 21,11-11-2022,01-12-2022,"83.948,80 ",Sin lotes,BOE-B-2022-34695,"25.550,25 ","0,00 ",Sin puja mÃ­nima,"511,00 ","1.277,51 ",11,JUZGADO 1Âª INST E INSTRUCC. 2 , CATARROJA
SUB-JA-2022-203677,JUDICIAL EN VÃA DE APREMIO,2068 0000 06 0274 20,11-11-2022,01-12-2022,"26.319,05 ",Sin lotes,BOE-B-2022-34718,"39.450,00 ","0,00 ",Sin puja mÃ­nima,"789,00 ","1.972,50 ",13,JUZGADO 1Âª INST E INSTRUCC. 4 , LINARES
SUB-JA-2022-197175,JUDICIAL EN VÃA DE APREMIO,2384 0000 05 0017 19,11-11-2022,01-12-2022,"309.860,36 ",Sin lotes,BOE-B-2022-34706,"332.000,00 ","0,00 ",Sin puja mÃ­nima,"6.640,00 ","16.600,00 ",14,JUZGADO 1Âª INST E INSTRUCC. 5 , GETAFE
SUB-JA-2022-192221,JUDICIAL EN VÃA DE APREMIO,0062 0000 06 0255 11,11-11-2022,01-12-2022,"29.183,52 ",Sin lotes,BOE-B-2022-34713,"72.795,84 ","0,00 ",Sin puja mÃ­nima,Sin tramos,"3.639,79 ",15,JUZGADO 1Âª INST E INSTRUCC. 2 , HELLIN
SUB-JA-2022-203675,JUDICIAL EN VÃA DE APREMIO,3577 0000 06 1234 21,11-11-2022,01-12-2022,"95.313,02 ",Sin lotes,BOE-B-2022-34735,"167.040,00 ","0,00 ",Sin puja mÃ­nima,"3.340,80 ","8.352,00 ",16,JUZGADO 1Âª INST E INSTRUCC. 4 , ROQUETAS DE MAR
SUB-JA-2022-199789,JUDICIAL EN VÃA DE APREMIO,0240 0000 06 0901 17,11-11-2022,01-12-2022,"100.818,08 ",Sin lotes,BOE-B-2022-34700,"200.000,00 ","0,00 ",Sin puja mÃ­nima,"4.000,00 ","10.000,00 ",17,JUZGADO 1Âª INST E INSTRUCC. 2 , EJIDO(EL)
SUB-JA-2022-188928,JUDICIAL EN VÃA DE APREMIO,5403 0000 06 0653 21,11-11-2022,01-12-2022,"189.242,31 ",Sin lotes,BOE-B-2022-34739,"226.596,06 ","0,00 ",Sin puja mÃ­nima,"4.531,92 ","11.329,80 ",18,JUZGADO 1 INST E INSTRUCC. 5 , SANLUCAR MAYOR
SUB-JA-2022-201196,JUDICIAL EN VÃA DE APREMIO,2358 0000 06 0494 17,11-11-2022,01-12-2022,"489.957,33 ",Sin lotes,BOE-B-2022-34702,"953.100,00 ","953.100,00 ",Sin puja mÃ­nima,Sin tramos,"47.655,00 ",19,JUZGADO 1Âª INST E INSTRUCC. 7 , EL VENDRELL
SUB-JA-2022-203824,JUDICIAL EN VÃA DE APREMIO,2933 0000 06 0171 17,11-11-2022,01-12-2022,"140.328,81 ",Sin lotes,BOE-B-2022-34726,"273.024,00 ","0,00 ",Sin puja mÃ­nima,"5.460,48 ","13.651,20 ",20,JUZGADO 1Âª INSTANCIA 1 , MALAGA
SUB-JA-2022-203744,JUDICIAL EN VÃA DE APREMIO,2845 0000 05 0167 11,11-11-2022,01-12-2022,"153.279,31 ",Sin lotes,BOE-B-2022-34750,"264.792,00 ","0,00 ",Sin puja mÃ­nima,"5.295,84 ","13.239,60 ",21,JUZGADO 1Âª INST E INSTRUCC. 1 , VALDEMORO
SUB-JA-2022-203847,JUDICIAL EN VÃA DE APREMIO,4351 0000 06 0022 22,11-11-2022,01-12-2022,"57.154,29 ",Sin lotes,BOE-B-2022-34721,"84.456,00 ","0,00 ",Sin puja mÃ­nima,"1.689,12 ","4.222,80 ",22,JUZGADO 1Âª INST E INSTRUCC. 4 , LLIRIA
SUB-JA-2022-203719,JUDICIAL EN VÃA DE APREMIO,3118 0000 06 0304 22,11-11-2022,01-12-2022,"45.716,62 ",Sin lotes,BOE-B-2022-34747,"119.040,00 ","119.040,00 ",Sin puja mÃ­nima,"2.380,80 ","5.952,00 ",23,JUZGADO 1Âª INSTANCIA 2 , TORREMOLINOS
SUB-JA-2022-203212,JUDICIAL EN VÃA DE APREMIO,0511 0000 05 0605 13,11-11-2022,01-12-2022,"221.151,87 ",Sin lotes,BOE-B-2022-34688,"367.000,00 ","367.000,00 ","256.900,00 â¬",Sin tramos,"18.350,00 ",24,JUZGADO 1Âª INST E INSTRUCC. 2 , ARENYS MAR
SUB-JA-2022-203630,JUDICIAL EN VÃA DE APREMIO,4147 0000 06 0060 22,11-11-2022,01-12-2022,"87.148,05 ",Sin lotes,BOE-B-2022-34715,"255.888,00 ","0,00 ",Sin puja mÃ­nima,"5.117,76 ","12.794,40 ",25,JUZGADO 1Âª INSTANCIA 16 , LAS PALMAS DE GRAN CANARIA
SUB-JA-2022-201319,JUDICIAL EN VÃA DE APREMIO,1635 0000 05 0063 18,11-11-2022,01-12-2022,"17.277,99 ",Sin lotes,BOE-B-2022-34743,"56.850,00 ","0,00 ",Sin puja mÃ­nima,"1.137,00 ","2.842,50 ",26,JUZGADO 1Âª INST E INSTRUCC. 1 , TARANCON
SUB-JA-2022-202570,JUDICIAL EN VÃA DE APREMIO,1739 0000 06 1410 18,11-11-2022,01-12-2022,"66.190,26 ",Sin lotes,BOE-B-2022-34710,"78.504,00 ","78.504,00 ",Sin puja mÃ­nima,Sin tramos,"3.925,20 ",28,JUZGADO 1Âª INSTANCIA 7 , GRANADA
SUB-JA-2022-201399,JUDICIAL EN VÃA DE APREMIO,1939 0000 06 0247 12,11-11-2022,01-12-2022,"134.975,93 ",Sin lotes,BOE-B-2022-34731,"242.465,84 ","242.465,84 ",Sin puja mÃ­nima,"4.849,31 ","12.123,29 ",29,JUZGADO 1Âª INST E INSTRUCC. 1 , PALMA CONDADO
SUB-JA-2022-201884,JUDICIAL EN VÃA DE APREMIO,3728 3075 06 0012 15,11-11-2022,01-12-2022,"115.346,94 ",Sin lotes,BOE-B-2022-34765,"237.500,00 ","0,00 ",Sin puja mÃ­nima,"2.375,01 ","11.875,00 ",30,UNIDAD SUBASTAS JUDICIALES MURCIA , MURCIA
SUB-JA-2022-203173,JUDICIAL EN VÃA DE APREMIO,3751 0000 05 0181 21,11-11-2022,01-12-2022,"47.727,63 ",Sin lotes,BOE-B-2022-34738,"96.600,00 ","0,00 ",Sin puja mÃ­nima,"1.932,00 ","4.830,00 ",32,JUZGADO 1Âª INSTANCIA 3 , SAN CRISTOBAL DE LA LAGUNA
SUB-JA-2022-188481,JUDICIAL EN VÃA DE APREMIO,3981 0000 06 0424 17,11-11-2022,01-12-2022,"109.224,22 ",Sin lotes,BOE-B-2022-34728,"174.916,99 ","0,00 ",Sin puja mÃ­nima,"3.498,33 ","8.745,84 ",34,JUZGADO 1Âª INST E INSTRUCC. 2 , MARCHENA
SUB-JA-2022-198163,JUDICIAL EN VÃA DE APREMIO,1213 0000 05 0120 95,11-11-2022,01-12-2022,"107.165,20 ",Sin lotes,BOE-B-2022-34681,"20.393,25 ","0,00 ",Sin puja mÃ­nima,"407,86 ","1.019,66 ",35,JUZGADO 1Âª INSTANCIA 4 , ALGECIRAS
SUB-JA-2022-203619,JUDICIAL EN VÃA DE APREMIO,0183 0000 06 0779 18,11-11-2022,01-12-2022,"77.541,84 ",Sin lotes,BOE-B-2022-34730,"144.525,00 ","0,00 ",Sin puja mÃ­nima,"2.890,50 ","7.226,25 ",36,JUZGADO 1Âª INSTANCIA 2 , ORIHUELA
SUB-JA-2022-197345,JUDICIAL EN VÃA DE APREMIO,3986 0000 06 0382 14,11-11-2022,01-12-2022,"227.078,40 ",Sin lotes,BOE-B-2022-34716,"409.260,00 ","0,00 ",Sin puja mÃ­nima,"8.185,20 ","20.463,00 ",37,JUZGADO 1Âª INST E INSTRUCC. 8 , LEGANES
SUB-JA-2022-195106,JUDICIAL EN VÃA DE APREMIO,1913 0000 05 0041 10,11-11-2022,01-12-2022,"18.261,73 ",Sin lotes,BOE-B-2022-34714,"52.775,39 ","0,00 ",Sin puja mÃ­nima,"1.055,50 ","2.638,76 ",38,JUZGADO 1Âª INSTANCIA 3 , HUELVA
SUB-JA-2022-203708,JUDICIAL EN VÃA DE APREMIO,3728 4938 06 0413 21,11-11-2022,01-12-2022,"89.330,16 ",Sin lotes,BOE-B-2022-34764,"230.400,00 ","0,00 ",Sin puja mÃ­nima,"2.304,01 ","11.520,00 ",39,UNIDAD SUBASTAS JUDICIALES MURCIA , MURCIA
SUB-JV-2022-203734,JUDICIAL VOLUNTARIA,0390 0000 05 0081 20,11-11-2022,01-12-2022,"0,00 ",Sin lotes,BOE-B-2022-34756,"48.341,26 ","48.341,26 ","39.156,42 â¬","966,82 ","14.502,37 ",40,JUZGADO 1Âª INST E INSTRUCC. 2 , ZAFRA
SUB-JA-2022-199446,JUDICIAL EN VÃA DE APREMIO,3706 0000 06 0253 16,11-11-2022,01-12-2022,"187.899,13 ",Sin lotes,BOE-B-2022-34736,"237.008,03 ","0,00 ",Sin puja mÃ­nima,Sin tramos,"11.850,40 ",41,JUZGADO 1Âª INSTANCIA 6 , SALAMANCA
SUB-JA-2022-188375,JUDICIAL EN VÃA DE APREMIO,2766 0000 05 0159 16,11-11-2022,01-12-2022,"34.494,05 ",Sin lotes,BOE-B-2022-34727,"62.162,00 ","0,00 ",Sin puja mÃ­nima,Sin tramos,"3.108,10 ",42,JUZGADO 1Âª INST E INSTRUCC. 6 , MANRESA
SUB-JA-2022-200022,JUDICIAL EN VÃA DE APREMIO,3013 0000 06 0748 21,11-11-2022,01-12-2022,"67.915,27 ",Sin lotes,BOE-B-2022-34752,"102.404,00 ","0,00 ",Sin puja mÃ­nima,"2.048,08 ","5.120,20 ",45,JUZGADO 1Âª INST E INSTRUCC. 3 , VELEZ-MALAGA
SUB-JA-2021-185987,JUDICIAL EN VÃA DE APREMIO,0257 0000 05 0038 03,11-11-2022,01-12-2022,"2.252,95 ",Sin lotes,BOE-B-2022-34734,"12.104,17 ","0,00 ",Sin puja mÃ­nima,"242,08 ","605,20 ",46,JUZGADO 1Âª INST E INSTRUCC. 1 , ROQUETAS DE MAR
SUB-JA-2022-202907,JUDICIAL EN VÃA DE APREMIO,4673 0000 06 0241 14,11-11-2022,01-12-2022,"160.487,76 ",Sin lotes,BOE-B-2022-34694,"152.556,25 ","152.556,25 ",Sin puja mÃ­nima,Sin tramos,"7.627,81 ",47,JUZGADO 1Âª INSTANCIA 4 , BURGOS
SUB-JA-2022-202240,JUDICIAL EN VÃA DE APREMIO,0224 0000 06 0516 20,11-11-2022,01-12-2022,"51.015,40 ",Sin lotes,BOE-B-2022-34683,"83.944,60 ","0,00 ",Sin puja mÃ­nima,Sin tramos,"4.197,23 ",48,JUZGADO 1Âª INSTANCIA 2 , ALMERIA
SUB-JA-2022-201726,JUDICIAL EN VÃA DE APREMIO,3519 0000 06 0140 15,11-11-2022,01-12-2022,"137.727,80 ",Sin lotes,BOE-B-2022-34737,"284.944,00 ","0,00 ",Sin puja mÃ­nima,"5.698,88 ","14.247,20 ",49,JUZGADO 1Âª INSTANCIA 1 , SAN BARTOLOME DE TIRAJANA
SUB-JA-2022-200067,JUDICIAL EN VÃA DE APREMIO,4308 0000 05 0203 16,11-11-2022,01-12-2022,"154.261,59 ",Sin lotes,BOE-B-2022-34742,"139.574,34 ","0,00 ","10,00 â¬","2.791,48 ","6.978,71 ",50,JUZGADO 1Âª INST E INSTRUCC. 2 , TALAVERA DE LA REINA
SUB-JA-2022-203595,JUDICIAL EN VÃA DE APREMIO,0726 0000 05 0044 20,11-11-2022,01-12-2022,"8.491,89 ",Sin lotes,BOE-B-2022-34704,"88.452,39 ","160.310,00 ",Sin puja mÃ­nima,"1.769,04 ","4.422,61 ",51,JUZGADO 1Âª INST E INSTRUCC. 1 , GAVA
SUB-JA-2020-162095,JUDICIAL EN VÃA DE APREMIO,4536 0000 05 0652 19,11-11-2022,01-12-2022,"24.896,16 ",Sin lotes,BOE-B-2022-34733,"65.000,00 ","0,00 ","100,00 â¬","1.300,00 ","3.250,00 ",52,JUZGADO 1Âª INST E INSTRUCC. 2 , QUART DE POBLET
SUB-JA-2022-203572,JUDICIAL EN VÃA DE APREMIO,2373 0000 05 0201 20,11-11-2022,01-12-2022,"214.604,08 ",Sin lotes,BOE-B-2022-34703,"299.447,84 ","0,00 ",Sin puja mÃ­nima,"5.988,95 ","14.972,39 ",53,JUZGADO 1Âª INSTANCIA 1 , FUENLABRADA
SUB-JA-2022-203861,JUDICIAL EN VÃA DE APREMIO,4224 0000 05 1259 21,11-11-2022,01-12-2022,"365.370,60 ",Sin lotes,BOE-B-2022-34748,"848.214,00 ","848.214,00 ",Sin puja mÃ­nima,Sin tramos,"42.410,70 ",54,JUZGADO 1Âª INST E INSTRUCC. 2 , TORTOSA
SUB-JA-2022-199489,JUDICIAL EN VÃA DE APREMIO,3728 3117 06 0134 20,11-11-2022,01-12-2022,"58.704,38 ",Sin lotes,BOE-B-2022-34762,"92.265,84 ","0,00 ",Sin puja mÃ­nima,"1.845,33 ","4.613,29 ",55,UNIDAD SUBASTAS JUDICIALES MURCIA , MURCIA
SUB-JA-2022-203523,JUDICIAL EN VÃA DE APREMIO,2712 0000 05 0280 21,11-11-2022,01-12-2022,"30.988,45 ",Sin lotes,BOE-B-2022-34723,"86.016,00 ","86.016,00 ",Sin puja mÃ­nima,"1.720,32 ","4.300,80 ",56,JUZGADO 1Âª INSTANCIA 4 , LUGO
SUB-JA-2022-202208,JUDICIAL EN VÃA DE APREMIO,4956 0000 06 1537 21,11-11-2022,01-12-2022,"116.690,18 ",Sin lotes,BOE-B-2022-34709,"230.400,00 ","0,00 ",Sin puja mÃ­nima,"4.608,00 ","11.520,00 ",57,JUZGADO 1Âª INSTANCIA 17 , GRANADA
SUB-JA-2022-203510,JUDICIAL EN VÃA DE APREMIO,3029 0000 06 0661 21,11-11-2022,01-12-2022,"109.266,70 ",Sin lotes,BOE-B-2022-34725,"161.071,28 ","0,00 ",Sin puja mÃ­nima,"3.221,42 ","8.053,56 ",58,JUZGADO 1Âª INSTANCIA 13 , MALAGA
SUB-JA-2022-203558,JUDICIAL EN VÃA DE APREMIO,3728 5082 06 0238 21,10-11-2022,30-11-2022,"88.002,02 ",Sin lotes,BOE-B-2022-34563,"157.739,75 ","0,00 ",Sin puja mÃ­nima,"1.577,41 ","7.886,98 ",59,UNIDAD SUBASTAS JUDICIALES MURCIA , MURCIA
SUB-JA-2022-188896,JUDICIAL EN VÃA DE APREMIO,3728 3096 06 0232 16,10-11-2022,30-11-2022,"92.568,94 ",Sin lotes,BOE-B-2022-34560,"183.461,35 ","0,00 ",Sin puja mÃ­nima,"1.834,62 ","9.173,06 ",60,UNIDAD SUBASTAS JUDICIALES MURCIA , MURCIA
SUB-JA-2022-203555,JUDICIAL EN VÃA DE APREMIO,2054 0000 05 0926 22,10-11-2022,30-11-2022,"47.037,77 ",Sin lotes,BOE-B-2022-34517,"91.176,10 ","0,00 ",Sin puja mÃ­nima,"1.823,52 ","4.558,80 ",61,JUZGADO 1Âª INSTANCIA 1 , JAEN
SUB-JA-2022-202806,JUDICIAL EN VÃA DE APREMIO,2340 0000 06 0137 20,10-11-2022,30-11-2022,"163.337,75 ",Sin lotes,BOE-B-2022-34544,"126.810,11 ","0,00 ",Sin puja mÃ­nima,"500,00 ","6.340,50 ",62,JUZGADO 1Âª INSTANCIA 2 , TORREJON DE ARDOZ
SUB-JA-2022-202991,JUDICIAL EN VÃA DE APREMIO,0062 0000 05 0037 20,10-11-2022,30-11-2022,"6.953,76 ",Sin lotes,BOE-B-2022-34515,"30.679,00 ","0,00 ",Sin puja mÃ­nima,Sin tramos,"1.533,95 ",64,JUZGADO 1Âª INST E INSTRUCC. 2 , HELLIN
SUB-JA-2022-193203,JUDICIAL EN VÃA DE APREMIO,5066 0000 00 0334 17,10-11-2022,30-11-2022,"236.471,33 ",Sin lotes,BOE-B-2022-34521,"498.000,00 ","0,00 ",Sin puja mÃ­nima,"9.960,00 ","24.900,00 ",65,JUZGADO 1Âª INSTANCIA 100 , MADRID
SUB-JA-2022-203505,JUDICIAL EN VÃA DE APREMIO,2175 0000 06 1137 17,10-11-2022,30-11-2022,"71.002,99 ",Sin lotes,BOE-B-2022-34496,"48.387,48 ","0,00 ",Sin puja mÃ­nima,"967,74 ","2.419,37 ",66,JUZGADO 1Âª INSTANCIA 11 , ALICANTE/ALACANT
SUB-JA-2022-187718,JUDICIAL EN VÃA DE APREMIO,0857 0000 06 0527 20,10-11-2022,30-11-2022,"107.058,52 ",Sin lotes,BOE-B-2022-34541,"163.317,00 ","0,00 ",Sin puja mÃ­nima,"3.266,34 ","8.165,85 ",67,JUZGADO 1Âª INST E INSTRUCC. 3 , SANTA COLOMA GRAMENET
SUB-JA-2022-203047,JUDICIAL EN VÃA DE APREMIO,2255 0000 05 0711 19,10-11-2022,30-11-2022,"19.204,40 ",Sin lotes,BOE-B-2022-34519,"64.608,30 ","0,00 ",Sin puja mÃ­nima,"1.292,16 ","3.230,41 ",68,JUZGADO 1Âª INSTANCIA 2 , LOGROÃO
SUB-JA-2022-203478,JUDICIAL EN VÃA DE APREMIO,3728 3105 06 0408 21,10-11-2022,30-11-2022,"140.716,71 ",Sin lotes,BOE-B-2022-34561,"163.648,49 ","0,00 ",Sin puja mÃ­nima,"1.636,49 ","8.182,42 ",70,UNIDAD SUBASTAS JUDICIALES MURCIA , MURCIA
SUB-JA-2022-201464,JUDICIAL EN VÃA DE APREMIO,5066 0000 06 0060 18,10-11-2022,30-11-2022,"190.907,92 ",Sin lotes,BOE-B-2022-34523,"235.100,00 ","0,00 ",Sin puja mÃ­nima,"4.702,00 ","11.755,00 ",71,JUZGADO 1Âª INSTANCIA 100 , MADRID
SUB-JA-2022-203465,JUDICIAL EN VÃA DE APREMIO,4134 0000 06 0638 18,10-11-2022,30-11-2022,"118.806,14 ",Sin lotes,BOE-B-2022-34538,"137.119,96 ","0,00 ",Sin puja mÃ­nima,"2.742,39 ","6.855,99 ",72,JUZGADO 1Âª INST E INSTRUCC. 3 , SANLUCAR MAYOR
SUB-JA-2022-201754,JUDICIAL EN VÃA DE APREMIO,1352 0000 06 0624 14,10-11-2022,30-11-2022,"116.464,23 ",Sin lotes,BOE-B-2022-34553,"182.802,00 ","0,00 ",Sin puja mÃ­nima,"3.656,04 ","9.140,10 ",75,JUZGADO 1Âª INST E INSTRUCC. 1 , VINAROS
SUB-JA-2022-203158,JUDICIAL EN VÃA DE APREMIO,2988 0000 06 0482 21,10-11-2022,30-11-2022,"7.337,01 ",Sin lotes,BOE-B-2022-34555,"31.553,14 ","0,00 ",Sin puja mÃ­nima,"631,06 ","1.577,65 ",76,JUZGADO 1Âª INSTANCIA 19 , ZARAGOZA
SUB-JA-2022-203156,JUDICIAL EN VÃA DE APREMIO,0183 0000 06 1501 20,10-11-2022,30-11-2022,"35.093,46 ",Sin lotes,BOE-B-2022-34529,"58.165,95 ","0,00 ",Sin puja mÃ­nima,"1.163,31 ","2.908,29 ",77,JUZGADO 1Âª INSTANCIA 2 , ORIHUELA
SUB-JA-2022-203816,JUDICIAL EN VÃA DE APREMIO,0183 0000 05 1386 19,10-11-2022,30-11-2022,"98.454,45 ",Sin lotes,BOE-B-2022-34530,"167.951,00 ","0,00 ",Sin puja mÃ­nima,"3.359,02 ","8.397,55 ",78,JUZGADO 1Âª INSTANCIA 2 , ORIHUELA
SUB-JA-2022-200674,JUDICIAL EN VÃA DE APREMIO,4038 0000 05 0868 15,10-11-2022,30-11-2022,"145.114,63 ",Sin lotes,BOE-B-2022-34542,"166.731,20 ","0,00 ",Sin puja mÃ­nima,"3.334,62 ","8.336,56 ",79,JUZGADO 1Âª INSTANCIA 16 , SEVILLA
SUB-JA-2022-200678,JUDICIAL EN VÃA DE APREMIO,3434 0000 06 0200 14,10-11-2022,30-11-2022,"61.581,61 ",Sin lotes,BOE-B-2022-34533,"120.265,00 ","120.265,00 ",Sin puja mÃ­nima,"2.405,30 ","6.013,25 ",80,JUZGADO 1Âª INST E INSTRUCC. 2 , PALENCIA
SUB-JA-2022-203857,JUDICIAL EN VÃA DE APREMIO,5235 0000 06 0070 16,10-11-2022,30-11-2022,"290.543,06 ",Sin lotes,BOE-B-2022-34531,"738.345,11 ","0,00 ",Sin puja mÃ­nima,"7.383,45 ","36.917,25 ",82,JUZGADO 1Âª INST E INSTRUCC. 5 , OROTAVA (LA)
SUB-JA-2022-203397,JUDICIAL EN VÃA DE APREMIO,2214 0000 06 0130 21,10-11-2022,30-11-2022,"71.912,60 ",Sin lotes,BOE-B-2022-34547,"140.450,67 ","0,00 ",Sin puja mÃ­nima,"2.809,01 ","7.022,53 ",83,JUZGADO 1Âª INST E INSTRUCC. 1 , TREMP
SUB-JA-2022-203143,JUDICIAL EN VÃA DE APREMIO,2277 0000 05 1336 20,10-11-2022,30-11-2022,"182.600,44 ",Sin lotes,BOE-B-2022-34546,"209.000,00 ","0,00 ",Sin puja mÃ­nima,"4.180,00 ","10.450,00 ",84,JUZGADO 1Âª INSTANCIA 5 , TORREMOLINOS
SUB-JA-2022-203772,JUDICIAL EN VÃA DE APREMIO,1657 0000 06 1119 19,10-11-2022,30-11-2022,"241.093,30 ",Sin lotes,BOE-B-2022-34504,"270.400,00 ","0,00 ",Sin puja mÃ­nima,"5.408,00 ","13.520,00 ",85,JUZGADO 1Âª INST E INSTRUCC. 1 , BLANES
SUB-JA-2022-203367,JUDICIAL EN VÃA DE APREMIO,2460 0000 18 0805 14,10-11-2022,30-11-2022,"155.167,38 ",Sin lotes,BOE-B-2022-34522,"178.548,77 ","0,00 ",Sin puja mÃ­nima,Sin tramos,"8.927,43 ",87,JUZGADO 1Âª INSTANCIA 32 , MADRID
SUB-JA-2022-200833,JUDICIAL EN VÃA DE APREMIO,0718 0000 06 0409 19,10-11-2022,30-11-2022,"842.216,54 ",Sin lotes,BOE-B-2022-34507,"987.300,00 ","0,00 ",Sin puja mÃ­nima,"19.746,00 ","49.365,00 ",88,JUZGADO 1Âª INST E INSTRUCC. 1 , CERDANYOLA DEL VALLES
SUB-JA-2022-188528,JUDICIAL EN VÃA DE APREMIO,2236 0000 06 0017 19,10-11-2022,30-11-2022,"300.433,18 ",Sin lotes,BOE-B-2022-34557,"373.882,00 ","0,00 ",Sin puja mÃ­nima,"7.477,64 ","18.694,10 ",89,JUZGADO MERCANTIL 1 , TARRAGONA
SUB-JA-2022-203350,JUDICIAL EN VÃA DE APREMIO,4513 0000 15 0539 18,10-11-2022,30-11-2022,"1.055,83 ",Sin lotes,BOE-B-2022-34565,"88.450,94 ","88.450,94 ",Sin puja mÃ­nima,Sin tramos,"4.422,55 ",90,SERVICIO COMUN GENERAL SUBASTAS , VALENCIA
SUB-JA-2022-200917,JUDICIAL EN VÃA DE APREMIO,0060 0000 06 0076 19,10-11-2022,30-11-2022,"58.620,30 ",Sin lotes,BOE-B-2022-34514,"99.900,00 ","0,00 ",Sin puja mÃ­nima,"1.998,00 ","4.995,00 ",91,JUZGADO 1Âª INST E INSTRUCC. 1 , HELLIN
SUB-JA-2022-193113,JUDICIAL EN VÃA DE APREMIO,4840 0000 05 0012 14,10-11-2022,30-11-2022,"114.820,68 ",Sin lotes,BOE-B-2022-34554,"142.911,00 ","142.911,00 ",Sin puja mÃ­nima,"2.858,22 ","7.145,55 ",92,JUZGADO 1Âª INST E INSTRUCC. 3 , ZAMORA
SUB-JA-2022-203334,JUDICIAL EN VÃA DE APREMIO,1772 0000 06 0392 20,10-11-2022,30-11-2022,"28.717,26 ",Sin lotes,BOE-B-2022-34520,"50.852,30 ","0,00 ",Sin puja mÃ­nima,"1.017,05 ","2.542,62 ",93,JUZGADO 1Âª INST E INSTRUCC. 2 , LOJA
SUB-JA-2022-192639,JUDICIAL EN VÃA DE APREMIO,2959 0000 06 1497 20,10-11-2022,30-11-2022,"72.404,88 ",Sin lotes,BOE-B-2022-34525,"152.249,50 ","0,00 ",Sin puja mÃ­nima,"3.044,99 ","7.612,47 ",94,JUZGADO 1Âª INSTANCIA 8 , MALAGA
SUB-JA-2022-202580,JUDICIAL EN VÃA DE APREMIO,4291 0000 06 0276 13,10-11-2022,30-11-2022,"50.945,81 ",Sin lotes,BOE-B-2022-34516,"103.876,32 ","0,00 ",Sin puja mÃ­nima,"2.077,52 ","5.193,81 ",95,JUZGADO 1Âª INST E INSTRUCC. 2 , ILLESCAS
SUB-JA-2022-203796,JUDICIAL EN VÃA DE APREMIO,2234 0000 06 0283 20,10-11-2022,30-11-2022,"94.753,22 ",Sin lotes,BOE-B-2022-34549,"136.175,00 ","136.175,00 ",Sin puja mÃ­nima,"1.500,00 ","6.808,75 ",97,JUZGADO 1Âª INSTANCIA 12 , VALLADOLID
SUB-JA-2022-200155,JUDICIAL EN VÃA DE APREMIO,0284 0000 06 0043 20,10-11-2022,30-11-2022,"122.697,65 ",Sin lotes,BOE-B-2022-34498,"114.878,00 ","114.878,00 ",Sin puja mÃ­nima,"2.200,00 ","5.743,90 ",99,JUZGADO 1Âª INST E INSTRUCC. 1 , AREVALO
SUB-JA-2022-203663,JUDICIAL EN VÃA DE APREMIO,0901 0000 06 0119 21,10-11-2022,30-11-2022,"60.614,06 ",Sin lotes,BOE-B-2022-34550,"126.507,99 ","0,00 ",Sin puja mÃ­nima,"2.530,15 ","6.325,39 ",100,JUZGADO 1Âª INST E INSTRUCC. 1 , VILANOVA I LA GELTRU
SUB-JA-2022-203264,JUDICIAL EN VÃA DE APREMIO,1635 0000 05 0081 20,10-11-2022,30-11-2022,"276.316,88 ",Sin lotes,BOE-B-2022-34543,"192.144,00 ","0,00 ",Sin puja mÃ­nima,"3.842,88 ","9.607,20 ",105,JUZGADO 1Âª INST E INSTRUCC. 1 , TARANCON
SUB-JA-2022-199379,JUDICIAL EN VÃA DE APREMIO,2400 0000 05 0390 19,10-11-2022,30-11-2022,"270.225,12 ",Sin lotes,BOE-B-2022-34512,"323.277,00 ","0,00 ",Sin puja mÃ­nima,"6.465,54 ","16.163,85 ",106,JUZGADO 1Âª INST E INSTRUCC. 7 , GAVA
SUB-JA-2022-203659,JUDICIAL EN VÃA DE APREMIO,4513 0000 16 0055 21,10-11-2022,30-11-2022,"133.839,39 ",Sin lotes,BOE-B-2022-34564,"132.002,27 ","0,00 ",Sin puja mÃ­nima,Sin tramos,"6.600,11 ",111,SERVICIO COMUN GENERAL SUBASTAS , VALENCIA
SUB-JA-2022-203527,JUDICIAL EN VÃA DE APREMIO,1694 0000 06 0141 20,10-11-2022,30-11-2022,"117.613,99 ",Sin lotes,BOE-B-2022-34539,"222.969,60 ","0,00 ",Sin puja mÃ­nima,"4.459,39 ","11.148,48 ",112,JUZGADO 1Âª INST E INSTRUCC. 1 , SANTA COLOMA DE FARNERS
SUB-JV-2022-203480,JUDICIAL VOLUNTARIA,4680 0000 05 0810 20,10-11-2022,30-11-2022,"0,00 ",Sin lotes,BOE-B-2022-34500,"66.165,15 ","0,00 ",Sin puja mÃ­nima,Sin tramos,"3.308,25 ",115,JUZGADO 1Âª INSTANCIA 1 , BARAKALDO
SUB-JA-2022-203697,JUDICIAL EN VÃA DE APREMIO,0098 0000 06 1205 20,10-11-2022,30-11-2022,"98.722,49 ",Sin lotes,BOE-B-2022-34497,"123.269,00 ","0,00 ",Sin puja mÃ­nima,"2.465,38 ","6.163,45 ",116,JUZGADO 1Âª INSTANCIA 2 , ALICANTE/ALACANT
SUB-JA-2022-201291,JUDICIAL EN VÃA DE APREMIO,0535 0000 06 0915 20,10-11-2022,30-11-2022,"853.600,60 ",Sin lotes,BOE-B-2022-34503,"1.351.400,00 ","0,00 ",Sin puja mÃ­nima,Sin tramos,"67.570,00 ",117,JUZGADO 1Âª INSTANCIA 2 , BARCELONA
SUB-JA-2021-178418,JUDICIAL EN VÃA DE APREMIO,3291 0000 06 0034 16,10-11-2022,30-11-2022,"118.866,75 ",Sin lotes,BOE-B-2022-34513,"198.700,00 ","0,00 ",Sin puja mÃ­nima,"496,75 ","9.935,00 ",119,JUZGADO 1Âª INSTANCIA 5 , GUADALAJARA
SUB-JA-2022-203210,JUDICIAL EN VÃA DE APREMIO,2124 0000 06 0088 19,10-11-2022,30-11-2022,"260.541,19 ",Sin lotes,BOE-B-2022-34518,"400.000,00 ","0,00 ",Sin puja mÃ­nima,Sin tramos,"20.000,00 ",120,JUZGADO 1Âª INSTANCIA 3 , LEON
SUB-JA-2022-194219,JUDICIAL EN VÃA DE APREMIO,1881 0000 05 0878 14,10-11-2022,30-11-2022,"329.854,95 ",Sin lotes,BOE-B-2022-34508,"292.000,00 ","0,00 ",Sin puja mÃ­nima,"5.840,00 ","14.600,00 ",121,JUZGADO 1Âª INST E INSTRUCC. 4 , CHICLANA DE LA FRONTERA
SUB-JA-2022-197461,JUDICIAL EN VÃA DE APREMIO,1803 0000 06 0061 17,08-11-2022,28-11-2022,"35.720,81 ",Sin lotes,BOE-B-2022-34225,"240.100,00 ","0,00 ",Sin puja mÃ­nima,"1.000,00 ","12.005,00 ",123,JUZGADO 1Âª INSTANCIA 1 , GUADALAJARA
SUB-JA-2022-202460,JUDICIAL EN VÃA DE APREMIO,1695 0000 06 0113 20,08-11-2022,28-11-2022,"221.675,93 ",Sin lotes,BOE-B-2022-34299,"470.400,00 ","0,00 ",Sin puja mÃ­nima,"9.408,00 ","23.520,00 ",124,JUZGADO 1Âª INST E INSTRUCC. 2 , SANTA COLOMA DE FARNERS
SUB-JA-2022-198005,JUDICIAL EN VÃA DE APREMIO,3728 2769 06 0176 15,08-11-2022,28-11-2022,"37.312,42 ",Sin lotes,BOE-B-2022-34350,"77.000,00 ","0,00 ",Sin puja mÃ­nima,"1.540,01 ","3.850,00 ",125,UNIDAD SUBASTAS JUDICIALES MURCIA , MURCIA
SUB-JA-2022-198052,JUDICIAL EN VÃA DE APREMIO,0235 0000 06 0849 13,08-11-2022,28-11-2022,"307.154,56 ",Sin lotes,BOE-B-2022-34164,"238.527,81 ","0,00 ",Sin puja mÃ­nima,Sin tramos,"11.926,39 ",126,JUZGADO 1Âª INSTANCIA 4 , ALMERIA
SUB-JA-2022-198779,JUDICIAL EN VÃA DE APREMIO,4513 0000 03 0268 20,08-11-2022,28-11-2022,"181.053,53 ",Sin lotes,BOE-B-2022-34356,"242.800,00 ","0,00 ",Sin puja mÃ­nima,Sin tramos,"12.140,00 ",127,SERVICIO COMUN GENERAL SUBASTAS , VALENCIA
SUB-JA-2022-198938,JUDICIAL EN VÃA DE APREMIO,2986 0000 06 1081 20,08-11-2022,28-11-2022,"21.915,89 ",Sin lotes,BOE-B-2022-34288,"61.271,68 ","0,00 ",Sin puja mÃ­nima,"1.225,43 ","3.063,58 ",128,JUZGADO 1Âª INSTANCIA 6 , REUS
SUB-JA-2022-202432,JUDICIAL EN VÃA DE APREMIO,1259 0000 05 1633 21,08-11-2022,28-11-2022,"162.497,51 ",Sin lotes,BOE-B-2022-34235,"230.000,00 ","0,00 ",Sin puja mÃ­nima,"4.600,00 ","11.500,00 ",129,JUZGADO 1Âª INSTANCIA 1 , JEREZ DE LA FRONTERA
SUB-JA-2022-203791,JUDICIAL EN VÃA DE APREMIO,0084 0000 04 0525 20,08-11-2022,28-11-2022,"58.859,88 ",Sin lotes,BOE-B-2022-34212,"110.592,00 ","0,00 ",Sin puja mÃ­nima,"2.211,84 ","5.529,60 ",130,JUZGADO 1Âª INST E INSTRUCC. 3 , ELDA
SUB-JA-2022-203788,JUDICIAL EN VÃA DE APREMIO,0084 0000 04 0659 20,08-11-2022,28-11-2022,"58.569,13 ",Sin lotes,BOE-B-2022-34211,"119.808,00 ","0,00 ",Sin puja mÃ­nima,"2.396,16 ","5.990,40 ",131,JUZGADO 1Âª INST E INSTRUCC. 3 , ELDA
SUB-JA-2022-199087,JUDICIAL EN VÃA DE APREMIO,1643 0000 06 0063 20,08-11-2022,28-11-2022,"71.284,92 ",Sin lotes,BOE-B-2022-34260,"122.880,00 ","0,00 ",Sin puja mÃ­nima,"2.457,60 ","6.144,00 ",132,JUZGADO 1Âª INST E INSTRUCC. 3 , MIERES
SUB-JA-2022-202404,JUDICIAL EN VÃA DE APREMIO,0154 0000 06 0698 16,08-11-2022,28-11-2022,"151.888,43 ",Sin lotes,BOE-B-2022-34207,"152.600,00 ","0,00 ",Sin puja mÃ­nima,"3.052,00 ","7.630,00 ",133,JUZGADO 1Âª INSTANCIA 2 , DENIA
SUB-JA-2022-202381,JUDICIAL EN VÃA DE APREMIO,0812 0000 05 0082 15,08-11-2022,28-11-2022,"170.640,69 ",Sin lotes,BOE-B-2022-34295,"369.056,09 ","0,00 ",Sin puja mÃ­nima,"7.381,12 ","18.452,80 ",134,JUZGADO 1Âª INSTANCIA 3 , SABADELL
SUB-JA-2022-199744,JUDICIAL EN VÃA DE APREMIO,3226 0000 05 0055 06,08-11-2022,28-11-2022,"19.698,12 ",Sin lotes,BOE-B-2022-34274,"84.001,65 ","84.001,65 ",Sin puja mÃ­nima,"1.680,03 ","4.200,08 ",135,JUZGADO DE INSTRUCCION 3 , OURENSE
SUB-JA-2022-203757,JUDICIAL EN VÃA DE APREMIO,4301 0000 06 0197 15,08-11-2022,28-11-2022,"77.842,74 ",Sin lotes,BOE-B-2022-34270,"146.057,48 ","0,00 ",Sin puja mÃ­nima,"2.921,14 ","7.302,87 ",136,JUZGADO 1Âª INST E INSTRUCC. 2 , ORGAZ
SUB-JA-2022-199792,JUDICIAL EN VÃA DE APREMIO,4859 0000 06 0998 20,08-11-2022,28-11-2022,"76.688,81 ",Sin lotes,BOE-B-2022-34206,"133.427,00 ","0,00 ",Sin puja mÃ­nima,"2.668,54 ","6.671,35 ",137,JUZGADO 1Âª INSTANCIA 5 , DENIA
SUB-JA-2022-199796,JUDICIAL EN VÃA DE APREMIO,1027 0000 06 0856 11,08-11-2022,28-11-2022,"204.957,56 ",Sin lotes,BOE-B-2022-34256,"242.700,00 ","242.700,00 ",Sin puja mÃ­nima,"4.854,00 ","12.135,00 ",138,JUZGADO 1Âª INST E INSTRUCC. 4 , MARTORELL
SUB-JA-2022-202281,JUDICIAL EN VÃA DE APREMIO,0842 0000 00 0424 09,08-11-2022,28-11-2022,"12.720,47 ",Sin lotes,BOE-B-2022-34297,"76.231,00 ","0,00 ",Sin puja mÃ­nima,"1.524,62 ","3.811,55 ",139,JUZGADO 1Âª INST E INSTRUCC. 2 , SANT FELIU DE LLOBREGAT
SUB-JA-2022-199871,JUDICIAL EN VÃA DE APREMIO,3728 3117 06 0053 14,08-11-2022,28-11-2022,"48.362,36 ",Sin lotes,BOE-B-2022-34340,"56.498,60 ","0,00 ",Sin puja mÃ­nima,"2.259,95 ","2.824,93 ",140,UNIDAD SUBASTAS JUDICIALES MURCIA , MURCIA
SUB-JA-2022-199895,JUDICIAL EN VÃA DE APREMIO,4299 0000 06 0055 19,08-11-2022,28-11-2022,"200.068,38 ",Sin lotes,BOE-B-2022-34269,"111.584,37 ","0,00 ",Sin puja mÃ­nima,"2.231,69 ","5.579,22 ",141,JUZGADO 1Âª INST E INSTRUCC. 1 , ORGAZ
SUB-JA-2022-199949,JUDICIAL EN VÃA DE APREMIO,4149 0000 05 0164 17,08-11-2022,28-11-2022,"42.244,08 ",Sin lotes,BOE-B-2022-34250,"73.494,03 ","73.494,03 ","0,01 â¬","1.469,88 ","3.674,70 ",142,JUZGADO 1Âª INSTANCIA 90 , MADRID
SUB-JA-2022-203682,JUDICIAL EN VÃA DE APREMIO,1526 0000 05 0207 17,08-11-2022,28-11-2022,"9.516,25 ",Sin lotes,BOE-B-2022-34201,"42.900,00 ","0,00 ",Sin puja mÃ­nima,Sin tramos,"2.145,00 ",143,JUZGADO 1Âª INSTANCIA 2 , CORUÃA (A)
SUB-JA-2022-203680,JUDICIAL EN VÃA DE APREMIO,3389 0000 06 0045 21,08-11-2022,28-11-2022,"35.309,01 ",Sin lotes,BOE-B-2022-34282,"124.281,00 ","124.281,00 ",Sin puja mÃ­nima,"2.485,62 ","6.214,05 ",144,JUZGADO 1Âª INST E INSTRUCC. 2 , POLA SIERO (LA)-SIERO
SUB-JA-2022-200205,JUDICIAL EN VÃA DE APREMIO,2682 0000 06 0428 19,08-11-2022,28-11-2022,"99.163,76 ",Sin lotes,BOE-B-2022-34265,"304.849,47 ","0,00 ",Sin puja mÃ­nima,"6.096,99 ","15.242,47 ",145,JUZGADO 1Âª INSTANCIA 5 , MOSTOLES
SUB-JA-2022-200332,JUDICIAL EN VÃA DE APREMIO,4618 0000 18 0263 21,08-11-2022,28-11-2022,"74.151,90 ",Sin lotes,BOE-B-2022-34318,"35.868,50 ","0,00 ",Sin puja mÃ­nima,"717,37 ","1.793,43 ",147,JUZGADO 1Âª INSTANCIA 1 , VALLADOLID
SUB-JA-2022-200545,JUDICIAL EN VÃA DE APREMIO,3263 0000 05 0306 19,08-11-2022,28-11-2022,"102.626,66 ",Sin lotes,BOE-B-2022-34173,"181.206,06 ","0,00 ",Sin puja mÃ­nima,"3.624,12 ","9.060,30 ",148,JUZGADO 1Âª INST E INSTRUCC. 2 , AVILES
SUB-JA-2022-200580,JUDICIAL EN VÃA DE APREMIO,4198 0000 06 0109 21,08-11-2022,28-11-2022,"100.595,75 ",Sin lotes,BOE-B-2022-34168,"190.860,00 ","0,00 ",Sin puja mÃ­nima,Sin tramos,"9.543,00 ",149,JUZGADO 1Âª INST E INSTRUCC. 2 , AMPOSTA
SUB-JA-2022-200793,JUDICIAL EN VÃA DE APREMIO,4513 0000 05 1192 19,08-11-2022,28-11-2022,"261.050,36 ",Sin lotes,BOE-B-2022-34357,"183.081,60 ","0,00 ",Sin puja mÃ­nima,Sin tramos,"9.154,08 ",151,SERVICIO COMUN GENERAL SUBASTAS , VALENCIA
SUB-JA-2022-203661,JUDICIAL EN VÃA DE APREMIO,3846 0000 06 0102 21,08-11-2022,28-11-2022,"113.991,61 ",Sin lotes,BOE-B-2022-34305,"143.045,00 ","0,00 ",Sin puja mÃ­nima,"2.860,90 ","7.152,25 ",152,JUZGADO 1Âª INST E INSTRUCC. 1 , SOLARES
SUB-JA-2022-201205,JUDICIAL EN VÃA DE APREMIO,2978 0000 06 0041 21,08-11-2022,28-11-2022,"94.255,79 ",Sin lotes,BOE-B-2022-34227,"112.500,00 ","0,00 ",Sin puja mÃ­nima,"2.250,00 ","5.625,00 ",153,JUZGADO 1Âª INST E INSTRUCC. 2 , HARO
SUB-JA-2022-202002,JUDICIAL EN VÃA DE APREMIO,4036 0000 06 1813 18,08-11-2022,28-11-2022,"90.957,30 ",Sin lotes,BOE-B-2022-34301,"60.753,52 ","0,00 ",Sin puja mÃ­nima,Sin tramos,"3.037,68 ",154,JUZGADO 1Âª INSTANCIA 14 , SEVILLA
SUB-JA-2022-202001,JUDICIAL EN VÃA DE APREMIO,5120 0000 06 0371 13,08-11-2022,28-11-2022,"109.950,92 ",Sin lotes,BOE-B-2022-34218,"300.341,04 ","0,00 ",Sin puja mÃ­nima,"6.006,82 ","15.017,05 ",155,JUZGADO 1Âª INSTANCIA 6 , FUENLABRADA
SUB-JA-2022-201223,JUDICIAL EN VÃA DE APREMIO,2193 0000 05 0313 21,08-11-2022,28-11-2022,"129.695,51 ",Sin lotes,BOE-B-2022-34241,"129.695,51 ","195.038,00 ",Sin puja mÃ­nima,"2.593,91 ","6.484,77 ",156,JUZGADO 1Âª INSTANCIA 3 , LLEIDA
SUB-JA-2022-201387,JUDICIAL EN VÃA DE APREMIO,5066 0000 06 0135 20,08-11-2022,28-11-2022,"338.033,75 ",Sin lotes,BOE-B-2022-34251,"554.858,00 ","0,00 ",Sin puja mÃ­nima,"11.097,16 ","27.742,90 ",157,JUZGADO 1Âª INSTANCIA 100 , MADRID
SUB-JA-2022-201876,JUDICIAL EN VÃA DE APREMIO,0224 0000 06 0542 13,08-11-2022,28-11-2022,"220.186,47 ",Sin lotes,BOE-B-2022-34165,"315.236,32 ","0,00 ",Sin puja mÃ­nima,"6.304,72 ","15.761,81 ",158,JUZGADO 1Âª INSTANCIA 2 , ALMERIA
SUB-JA-2022-203629,JUDICIAL EN VÃA DE APREMIO,0784 0000 06 0754 20,08-11-2022,28-11-2022,"276.852,13 ",Sin lotes,BOE-B-2022-34258,"286.620,00 ","0,00 ",Sin puja mÃ­nima,"5.732,40 ","14.331,00 ",159,JUZGADO 1Âª INSTANCIA 1 , MATARO
SUB-JA-2022-201480,JUDICIAL EN VÃA DE APREMIO,4919 0000 06 0132 13,08-11-2022,28-11-2022,"123.100,77 ",Sin lotes,BOE-B-2022-34330,"108.581,00 ","0,00 ",Sin puja mÃ­nima,"2.171,62 ","5.429,05 ",160,JUZGADO 1Âª INSTANCIA 8 , ZARAGOZA
SUB-JA-2022-201851,JUDICIAL EN VÃA DE APREMIO,5452 0000 06 0407 22,08-11-2022,28-11-2022,"547.797,26 ",Sin lotes,BOE-B-2022-34162,"574.141,86 ","0,00 ",Sin puja mÃ­nima,"500,00 ","28.707,09 ",161,JUZGADO 1 INSTANCIA 14 , ALICANTE/ALACANT
SUB-JA-2022-203615,JUDICIAL EN VÃA DE APREMIO,4630 0000 05 0168 16,08-11-2022,28-11-2022,"149.164,26 ",Sin lotes,BOE-B-2022-34317,"80.592,15 ","0,00 ",Sin puja mÃ­nima,"1.611,84 ","4.029,61 ",162,JUZGADO 1Âª INSTANCIA 5 , VALLADOLID
SUB-JA-2022-201781,JUDICIAL EN VÃA DE APREMIO,3728 3056 06 0274 20,08-11-2022,28-11-2022,"92.995,23 ",Sin lotes,BOE-B-2022-34352,"102.431,25 ","0,00 ",Sin puja mÃ­nima,"2.048,64 ","5.121,56 ",164,UNIDAD SUBASTAS JUDICIALES MURCIA , MURCIA
SUB-JA-2022-203596,JUDICIAL EN VÃA DE APREMIO,1244 0000 06 0320 21,08-11-2022,28-11-2022,"98.345,66 ",Sin lotes,BOE-B-2022-34191,"122.850,00 ","0,00 ",Sin puja mÃ­nima,"2.457,00 ","6.142,50 ",165,JUZGADO 1Âª INST E INSTRUCC. 3 , CHICLANA DE LA FRONTERA
SUB-JA-2022-201732,JUDICIAL EN VÃA DE APREMIO,4544 0000 06 0275 21,08-11-2022,28-11-2022,"238.963,42 ",Sin lotes,BOE-B-2022-34196,"392.371,20 ","392.371,20 ",Sin puja mÃ­nima,"7.847,42 ","19.618,56 ",166,JUZGADO 1Âª INST E INSTRUCC. 6 , COLMENAR VIEJO
SUB-JA-2022-201683,JUDICIAL EN VÃA DE APREMIO,2175 0000 06 1839 21,08-11-2022,28-11-2022,"134.071,01 ",Sin lotes,BOE-B-2022-34161,"224.640,00 ","0,00 ",Sin puja mÃ­nima,"4.492,80 ","11.232,00 ",168,JUZGADO 1Âª INSTANCIA 11 , ALICANTE/ALACANT
SUB-JA-2022-203592,JUDICIAL EN VÃA DE APREMIO,4851 0000 06 0206 21,08-11-2022,28-11-2022,"79.959,38 ",Sin lotes,BOE-B-2022-34316,"160.440,00 ","0,00 ",Sin puja mÃ­nima,"3.208,80 ","8.022,00 ",169,JUZGADO 1Âª INSTANCIA 14 , VALLADOLID
SUB-JA-2022-203573,JUDICIAL EN VÃA DE APREMIO,0753 0000 06 0204 16,08-11-2022,28-11-2022,"156.824,68 ",Sin lotes,BOE-B-2022-34228,"188.700,00 ","0,00 ",Sin puja mÃ­nima,"3.774,00 ","9.435,00 ",170,JUZGADO 1Âª INSTANCIA 2 , HOSPITALET DE LLOBREGAT (L')
SUB-JA-2022-203546,JUDICIAL EN VÃA DE APREMIO,2935 0000 06 0004 17,08-11-2022,28-11-2022,"138.745,12 ",Sin lotes,BOE-B-2022-34254,"230.737,28 ","0,00 ",Sin puja mÃ­nima,"4.614,74 ","11.536,86 ",171,JUZGADO 1Âª INSTANCIA 3 , MALAGA
SUB-JA-2022-203538,JUDICIAL EN VÃA DE APREMIO,1643 0000 06 0137 20,08-11-2022,28-11-2022,"63.595,46 ",Sin lotes,BOE-B-2022-34261,"96.071,82 ","96.071,82 ",Sin puja mÃ­nima,"1.921,43 ","4.803,59 ",172,JUZGADO 1Âª INST E INSTRUCC. 3 , MIERES
SUB-JA-2022-203534,JUDICIAL EN VÃA DE APREMIO,1166 0000 06 0216 21,08-11-2022,28-11-2022,"165.981,35 ",Sin lotes,BOE-B-2022-34327,"177.300,00 ","0,00 ",Sin puja mÃ­nima,"3.546,00 ","8.865,00 ",173,JUZGADO 1Âª INSTANCIA 18 , ZARAGOZA
SUB-JA-2022-203519,JUDICIAL EN VÃA DE APREMIO,3832 0000 01 4001 15,08-11-2022,28-11-2022,"273.160,42 ",Sin lotes,BOE-B-2022-34209,"348.687,88 ","348.687,88 ",Sin puja mÃ­nima,Sin tramos,"17.434,39 ",174,JUZGADO 1Âª INST E INSTRUCC. 8 , EL VENDRELL
SUB-JA-2022-203497,JUDICIAL EN VÃA DE APREMIO,0403 0000 06 3163 16,08-11-2022,28-11-2022,"230.738,80 ",Sin lotes,BOE-B-2022-34210,"320.734,83 ","320.734,83 ",Sin puja mÃ­nima,Sin tramos,"16.036,74 ",175,JUZGADO 1Âª INST E INSTRUCC. 5 , EL VENDRELL
SUB-JA-2022-203490,JUDICIAL EN VÃA DE APREMIO,4536 0000 06 0780 21,08-11-2022,28-11-2022,"71.122,18 ",Sin lotes,BOE-B-2022-34285,"136.984,18 ","0,00 ","100,00 â¬","2.739,68 ","6.849,21 ",176,JUZGADO 1Âª INST E INSTRUCC. 2 , QUART DE POBLET
SUB-JA-2022-203489,JUDICIAL EN VÃA DE APREMIO,4790 0000 05 0306 20,08-11-2022,28-11-2022,"296.316,46 ",Sin lotes,BOE-B-2022-34221,"143.484,00 ","0,00 ",Sin puja mÃ­nima,Sin tramos,"7.174,20 ",177,JUZGADO 1Âª INST E INSTRUCC. 3 , GETXO
SUB-JA-2022-203469,JUDICIAL EN VÃA DE APREMIO,0840 0000 06 0346 20,08-11-2022,28-11-2022,"100.187,41 ",Sin lotes,BOE-B-2022-34199,"229.979,20 ","0,00 ",Sin puja mÃ­nima,Sin tramos,"11.498,96 ",178,JUZGADO 1Âª INST E INSTRUCC. 4 , CORNELLA DE LLOBREGAT
SUB-JA-2022-203437,JUDICIAL EN VÃA DE APREMIO,4901 0000 06 1375 21,08-11-2022,28-11-2022,"267.240,70 ",Sin lotes,BOE-B-2022-34328,"278.500,00 ","0,00 ",Sin puja mÃ­nima,Sin tramos,"13.925,00 ",179,JUZGADO 1Âª INSTANCIA 2 , ZARAGOZA
SUB-JA-2022-203430,JUDICIAL EN VÃA DE APREMIO,3460 0000 05 0232 20,08-11-2022,28-11-2022,"177.374,03 ",Sin lotes,BOE-B-2022-34172,"177.374,03 ","0,00 ",Sin puja mÃ­nima,Sin tramos,"8.868,70 ",180,JUZGADO 1Âª INSTANCIA 1 , ARRECIFE DE LANZAROTE
SUB-JA-2022-203423,JUDICIAL EN VÃA DE APREMIO,1777 0000 06 1349 12,08-11-2022,28-11-2022,"45.959,56 ",Sin lotes,BOE-B-2022-34271,"101.317,14 ","0,00 ",Sin puja mÃ­nima,"2.026,34 ","5.065,85 ",181,JUZGADO 1Âª INSTANCIA 1 , ORIHUELA
SUB-JA-2022-203414,JUDICIAL EN VÃA DE APREMIO,2133 0000 06 0113 21,08-11-2022,28-11-2022,"88.333,76 ",Sin lotes,BOE-B-2022-34239,"188.739,50 ","0,00 ",Sin puja mÃ­nima,Sin tramos,"9.436,97 ",182,JUZGADO 1Âª INSTANCIA 5 , LEON
SUB-JA-2022-203412,JUDICIAL EN VÃA DE APREMIO,4563 0000 06 0358 22,08-11-2022,28-11-2022,"11.026,69 ",Sin lotes,BOE-B-2022-34262,"76.929,55 ","0,00 ",Sin puja mÃ­nima,"1.538,59 ","3.846,47 ",183,JUZGADO 1Âª INST E INSTRUCC. 3 , MISLATA
SUB-JA-2022-203404,JUDICIAL EN VÃA DE APREMIO,2935 0000 06 0081 22,08-11-2022,28-11-2022,"20.487,05 ",Sin lotes,BOE-B-2022-34253,"67.200,00 ","0,00 ",Sin puja mÃ­nima,"1.344,00 ","3.360,00 ",184,JUZGADO 1Âª INSTANCIA 3 , MALAGA
SUB-JA-2022-203385,JUDICIAL EN VÃA DE APREMIO,4513 0000 06 1617 21,08-11-2022,28-11-2022,"143.801,36 ",Sin lotes,BOE-B-2022-34355,"281.800,00 ","0,00 ",Sin puja mÃ­nima,Sin tramos,"14.090,00 ",186,SERVICIO COMUN GENERAL SUBASTAS , VALENCIA
SUB-JA-2022-203368,JUDICIAL EN VÃA DE APREMIO,0099 0000 05 1205 21,08-11-2022,28-11-2022,"151.046,96 ",Sin lotes,BOE-B-2022-34160,"151.046,46 ","0,00 ",Sin puja mÃ­nima,"3.020,93 ","7.552,32 ",187,JUZGADO 1Âª INSTANCIA 3 , ALICANTE/ALACANT
SUB-JA-2022-203364,JUDICIAL EN VÃA DE APREMIO,3728 3132 05 1945 14,08-11-2022,28-11-2022,"102.286,72 ",Sin lotes,BOE-B-2022-34353,"249.331,10 ","0,00 ",Sin puja mÃ­nima,"2.493,32 ","12.466,55 ",188,UNIDAD SUBASTAS JUDICIALES MURCIA , MURCIA
SUB-JA-2022-203356,JUDICIAL EN VÃA DE APREMIO,4037 0000 06 2068 21,08-11-2022,28-11-2022,"22.471,75 ",Sin lotes,BOE-B-2022-34302,"76.500,00 ","0,00 ",Sin puja mÃ­nima,"1.530,00 ","3.825,00 ",189,JUZGADO 1Âª INSTANCIA 15 , SEVILLA
SUB-JA-2022-203348,JUDICIAL EN VÃA DE APREMIO,0884 0000 17 1173 19,08-11-2022,28-11-2022,"189.165,99 ",Sin lotes,BOE-B-2022-34157,"149.500,00 ","149.500,00 ",Sin puja mÃ­nima,"2.990,00 ","7.475,00 ",190,JUZGADO 1Âª INSTANCIA 5 , ALBACETE
SUB-JA-2022-203338,JUDICIAL EN VÃA DE APREMIO,0154 0000 05 0384 19,08-11-2022,28-11-2022,"8.109,76 ",Sin lotes,BOE-B-2022-34205,"122.845,91 ","0,00 ",Sin puja mÃ­nima,"2.456,91 ","6.142,29 ",191,JUZGADO 1Âª INSTANCIA 2 , DENIA
SUB-JA-2022-203325,JUDICIAL EN VÃA DE APREMIO,2683 0000 13 0437 19,08-11-2022,28-11-2022,"201.925,66 ",Sin lotes,BOE-B-2022-34264,"390.000,00 ","390.000,00 ",Sin puja mÃ­nima,"7.800,00 ","19.500,00 ",192,JUZGADO 1Âª INSTANCIA 2 , MOSTOLES
SUB-JA-2022-203317,JUDICIAL EN VÃA DE APREMIO,4207 0000 05 0456 19,08-11-2022,28-11-2022,"22.595.654,00 ",Sin lotes,BOE-B-2022-34215,"31.359.742,13 ","0,00 ",Sin puja mÃ­nima,"627.194,84 ","1.567.987,10 ",193,JUZGADO 1Âª INST E INSTRUCC. 5 , ESTEPONA
SUB-JA-2022-203303,JUDICIAL EN VÃA DE APREMIO,1342 0000 06 1149 14,08-11-2022,28-11-2022,"176.212,09 ",Sin lotes,BOE-B-2022-34267,"229.500,00 ","0,00 ",Sin puja mÃ­nima,"4.590,00 ","11.475,00 ",194,JUZGADO 1Âª INST E INSTRUCC. 1 , NULES
SUB-JA-2022-203285,JUDICIAL EN VÃA DE APREMIO,5342 0000 06 1525 21,08-11-2022,28-11-2022,"112.932,19 ",Sin lotes,BOE-B-2022-34303,"141.300,00 ","0,00 ",Sin puja mÃ­nima,"2.826,00 ","7.065,00 ",195,JUZGADO 1 INSTANCIA 28 , SEVILLA
SUB-JA-2022-203279,JUDICIAL EN VÃA DE APREMIO,2715 0000 06 0020 16,08-11-2022,28-11-2022,"112.500,34 ",Sin lotes,BOE-B-2022-34238,"145.000,00 ","0,00 ",Sin puja mÃ­nima,Sin tramos,"7.250,00 ",196,JUZGADO 1Âª INSTANCIA 9 , LEON
SUB-JA-2022-203260,JUDICIAL EN VÃA DE APREMIO,4621 0000 06 0257 17,08-11-2022,28-11-2022,"208.831,59 ",Sin lotes,BOE-B-2022-34315,"578.875,00 ","0,00 ",Sin puja mÃ­nima,Sin tramos,"28.943,75 ",197,JUZGADO 1Âª INSTANCIA 4 , VALLADOLID
SUB-JA-2022-203231,JUDICIAL EN VÃA DE APREMIO,2198 0000 06 1109 20,08-11-2022,28-11-2022,"14.729,12 ",Sin lotes,BOE-B-2022-34243,"96.500,00 ","0,00 ",Sin puja mÃ­nima,Sin tramos,"4.825,00 ",198,JUZGADO 1Âª INSTANCIA 4 , LLEIDA
SUB-JA-2022-203230,JUDICIAL EN VÃA DE APREMIO,4879 0000 06 0465 22,08-11-2022,28-11-2022,"27.669,23 ",Sin lotes,BOE-B-2022-34329,"195.919,35 ","0,00 ",Sin puja mÃ­nima,"3.918,38 ","9.795,96 ",199,JUZGADO 1Âª INSTANCIA 12 , ZARAGOZA
SUB-JA-2022-203225,JUDICIAL EN VÃA DE APREMIO,1466 0000 06 0052 14,08-11-2022,28-11-2022,"269.517,90 ",Sin lotes,BOE-B-2022-34245,"492.000,00 ","492.000,00 ",Sin puja mÃ­nima,"9.840,00 ","24.600,00 ",200,JUZGADO 1Âª INST E INSTRUCC. 1 , LUCENA
SUB-JA-2022-203183,JUDICIAL EN VÃA DE APREMIO,0728 0000 06 0328 19,08-11-2022,28-11-2022,"239.800,62 ",Sin lotes,BOE-B-2022-34220,"304.000,00 ","0,00 ",Sin puja mÃ­nima,"6.080,00 ","15.200,00 ",208,JUZGADO 1Âª INST E INSTRUCC. 3 , GAVA
SUB-JA-2022-203171,JUDICIAL EN VÃA DE APREMIO,0219 0000 05 0250 21,08-11-2022,28-11-2022,"203.127,86 ",Sin lotes,BOE-B-2022-34158,"181.320,00 ","0,00 ",Sin puja mÃ­nima,"3.626,40 ","9.066,00 ",210,JUZGADO 1Âª INSTANCIA 9 , ALICANTE/ALACANT
SUB-JA-2022-203130,JUDICIAL EN VÃA DE APREMIO,0808 0000 06 1728 19,08-11-2022,28-11-2022,"202.229,27 ",Sin lotes,BOE-B-2022-34294,"395.918,15 ","0,00 ",Sin puja mÃ­nima,"7.918,36 ","19.795,91 ",213,JUZGADO 1Âª INSTANCIA 1 , SABADELL
SUB-JA-2022-203128,JUDICIAL EN VÃA DE APREMIO,0150 0000 05 1357 19,08-11-2022,28-11-2022,"139.000,00 ",Sin lotes,BOE-B-2022-34203,"175.734,56 ","0,00 ",Sin puja mÃ­nima,"3.514,69 ","8.786,72 ",215,JUZGADO 1Âª INSTANCIA 1 , DENIA
SUB-JV-2022-203867,JUDICIAL VOLUNTARIA,4598 0000 78 0071 21,08-11-2022,28-11-2022,"100.000,00 ",Sin lotes,BOE-B-2022-34155,"117.753,26 ","138.662,21 ",Sin puja mÃ­nima,"2.355,06 ","5.887,66 ",216,AUDIENCIA NACIONAL PENAL SERVICIO COMUN EJECUTORIA , MADRID
SUB-JV-2022-203802,JUDICIAL VOLUNTARIA,9000 4598 A3 0291 21,08-11-2022,28-11-2022,"0,00 ",Sin lotes,BOE-B-2022-34333,"412.011,75 ","495.049,50 ","288.408,22 â¬","16.500,00 ","20.600,59 ",217,ORGA,OFICINA DE RECUPERACIÃN Y GESTIÃN DE ACTIVOS - MADRID
SUB-JA-2022-203116,JUDICIAL EN VÃA DE APREMIO,0258 0000 05 0787 20,08-11-2022,28-11-2022,"176.000,00 ",Sin lotes,BOE-B-2022-34292,"155.417,68 ","155.417,68 ",Sin puja mÃ­nima,"3.108,35 ","7.770,88 ",218,JUZGADO 1Âª INST E INSTRUCC. 2 , ROQUETAS DE MAR
SUB-JV-2022-203771,JUDICIAL VOLUNTARIA,1520 0000 05 0052 22,08-11-2022,28-11-2022,"0,00 ",Sin lotes,BOE-B-2022-34197,"289.027,16 ","289.027,16 ",Sin puja mÃ­nima,"1.000,00 ","14.451,36 ",219,JUZGADO 1Âª INST E INSTRUCC. 1 , CORCUBION
SUB-JV-2022-203726,JUDICIAL VOLUNTARIA,0100 0000 05 1130 21,08-11-2022,28-11-2022,"0,00 ",Sin lotes,BOE-B-2022-34159,"76.575,10 ","76.575,10 ",Sin puja mÃ­nima,"1.531,50 ","3.828,76 ",220,JUZGADO 1Âª INSTANCIA 4 , ALICANTE/ALACANT
SUB-JA-2022-203088,JUDICIAL EN VÃA DE APREMIO,0505 0000 06 0040 16,08-11-2022,28-11-2022,"71.483,49 ",Sin lotes,BOE-B-2022-34280,"142.272,00 ","0,00 ",Sin puja mÃ­nima,"2.845,44 ","7.113,60 ",221,JUZGADO 1Âª INSTANCIA 15 , PALMA DE MALLORCA
SUB-JA-2022-203080,JUDICIAL EN VÃA DE APREMIO,4756 0000 05 0108 12,08-11-2022,28-11-2022,"12.000,00 ",Sin lotes,BOE-B-2022-34257,"276.173,42 ","276.173,42 ",Sin puja mÃ­nima,"5.523,46 ","13.808,67 ",222,JUZGADO 1Âª INSTANCIA 8 , MATARO
SUB-JA-2022-203058,JUDICIAL EN VÃA DE APREMIO,3118 0000 06 0102 22,08-11-2022,28-11-2022,"115.693,52 ",Sin lotes,BOE-B-2022-34310,"163.579,65 ","163.579,65 ",Sin puja mÃ­nima,"3.271,59 ","8.178,98 ",223,JUZGADO 1Âª INSTANCIA 2 , TORREMOLINOS
SUB-JA-2020-156445,JUDICIAL EN VÃA DE APREMIO,4224 0000 06 0487 18,08-11-2022,28-11-2022,"80.504,60 ",Sin lotes,BOE-B-2022-34311,"119.067,74 ","119.067,74 ",Sin puja mÃ­nima,"2.381,35 ","5.953,38 ",227,JUZGADO 1Âª INST E INSTRUCC. 2 , TORTOSA
SUB-JA-2022-203024,JUDICIAL EN VÃA DE APREMIO,3957 0000 06 0381 10,08-11-2022,28-11-2022,"17.634,57 ",Sin lotes,BOE-B-2022-34190,"31.320,00 ","0,00 ",Sin puja mÃ­nima,"626,40 ","1.566,00 ",228,JUZGADO 1Âª INST E INSTRUCC. 1 , CAZALLA SIERRA
SUB-JA-2022-203018,JUDICIAL EN VÃA DE APREMIO,3298 0000 06 0075 14,08-11-2022,28-11-2022,"121.824,83 ",Sin lotes,BOE-B-2022-34222,"324.905,77 ","324.905,77 ",Sin puja mÃ­nima,"500,00 ","16.245,29 ",229,JUZGADO 1Âª INSTANCIA 6 , GIJON/XIXON-GIJON
SUB-JA-2022-202997,JUDICIAL EN VÃA DE APREMIO,4543 0000 06 0222 22,08-11-2022,28-11-2022,"9.654,82 ",Sin lotes,BOE-B-2022-34167,"34.407,94 ","0,00 ",Sin puja mÃ­nima,"688,15 ","1.720,40 ",231,JUZGADO 1Âª INST E INSTRUCC. 6 , ALZIRA
SUB-JV-2022-203240,JUDICIAL VOLUNTARIA,4872 0000 05 0083 20,08-11-2022,28-11-2022,"123.287,87 ",Sin lotes,BOE-B-2022-34186,"162.299,20 ","0,00 ",Sin puja mÃ­nima,"3.245,98 ","8.114,96 ",232,JUZGADO 1Âª INST E INSTRUCC. 2 , CALATAYUD
SUB-JV-2022-203199,JUDICIAL VOLUNTARIA,1871 0000 05 0371 21,08-11-2022,28-11-2022,"0,00 ",Sin lotes,BOE-B-2022-34233,"189.280,00 ","0,00 ",Sin puja mÃ­nima,"3.785,60 ","9.464,00 ",233,JUZGADO 1Âª INST E INSTRUCC. 2 , IRUN
SUB-JA-2021-178733,JUDICIAL EN VÃA DE APREMIO,1245 0000 05 0579 15,08-11-2022,28-11-2022,"82.845,80 ",Sin lotes,BOE-B-2022-34192,"207.008,18 ","0,00 ",Sin puja mÃ­nima,"4.140,16 ","10.350,40 ",235,JUZGADO 1Âª INST E INSTRUCC. 1 , CHICLANA DE LA FRONTERA
SUB-JA-2021-181190,JUDICIAL EN VÃA DE APREMIO,0012 0000 06 1260 20,08-11-2022,28-11-2022,"112.448,15 ",Sin lotes,BOE-B-2022-34323,"147.999,00 ","0,00 ",Sin puja mÃ­nima,"100,00 ","7.399,95 ",236,JUZGADO 1Âª INSTANCIA 4 , VITORIA GASTEIZ
SUB-JA-2022-202908,JUDICIAL EN VÃA DE APREMIO,0840 0000 06 0189 20,08-11-2022,28-11-2022,"287.061,94 ",Sin lotes,BOE-B-2022-34200,"273.987,00 ","0,00 ",Sin puja mÃ­nima,Sin tramos,"13.699,35 ",237,JUZGADO 1Âª INST E INSTRUCC. 4 , CORNELLA DE LLOBREGAT
SUB-JA-2021-184100,JUDICIAL EN VÃA DE APREMIO,0173 0000 06 0857 14,08-11-2022,28-11-2022,"285.671,69 ",Sin lotes,BOE-B-2022-34298,"407.310,00 ","0,00 ",Sin puja mÃ­nima,Sin tramos,"20.365,50 ",238,JUZGADO 1Âª INST E INSTRUCC. 1 , SANT VICENT DEL RASPEIG
SUB-JA-2022-202875,JUDICIAL EN VÃA DE APREMIO,0183 0000 05 1155 20,08-11-2022,28-11-2022,"64.805,46 ",Sin lotes,BOE-B-2022-34272,"35.850,00 ","0,00 ",Sin puja mÃ­nima,"717,00 ","1.792,50 ",239,JUZGADO 1Âª INSTANCIA 2 , ORIHUELA
SUB-JA-2022-202867,JUDICIAL EN VÃA DE APREMIO,2340 0000 06 0002 21,08-11-2022,28-11-2022,"215.725,59 ",Sin lotes,BOE-B-2022-34309,"344.000,00 ","0,00 ",Sin puja mÃ­nima,"500,00 ","17.200,00 ",241,JUZGADO 1Âª INSTANCIA 2 , TORREJON DE ARDOZ
SUB-JA-2022-202863,JUDICIAL EN VÃA DE APREMIO,0150 0000 06 1709 21,08-11-2022,28-11-2022,"15.000,00 ",Sin lotes,BOE-B-2022-34204,"490.049,15 ","0,00 ",Sin puja mÃ­nima,"9.800,98 ","24.502,45 ",242,JUZGADO 1Âª INSTANCIA 1 , DENIA
SUB-JA-2022-202841,JUDICIAL EN VÃA DE APREMIO,0860 0000 06 2211 22,08-11-2022,28-11-2022,"120.026,57 ",Sin lotes,BOE-B-2022-34263,"189.726,00 ","0,00 ",Sin puja mÃ­nima,"3.794,52 ","9.486,30 ",245,JUZGADO 1Âª INST E INSTRUCC. 3 , MOLLET DEL VALLES
SUB-JA-2022-183976,JUDICIAL EN VÃA DE APREMIO,4600 0000 06 0172 13,08-11-2022,28-11-2022,"82.691,49 ",Sin lotes,BOE-B-2022-34259,"146.600,00 ","146.600,00 ",Sin puja mÃ­nima,"2.932,00 ","7.330,00 ",247,JUZGADO 1Âª INST E INSTRUCC. 1 , MEDINA CAMPO
SUB-JV-2022-202083,JUDICIAL VOLUNTARIA,2438 0000 05 1237 13,08-11-2022,28-11-2022,"82.000,00 ",Sin lotes,BOE-B-2022-34248,"82.000,00 ","82.000,00 ",Sin puja mÃ­nima,"1.640,00 ","4.100,00 ",250,JUZGADO 1Âª INSTANCIA 10 , MADRID
SUB-JV-2022-201711,JUDICIAL VOLUNTARIA,0885 0000 05 0033 16,08-11-2022,28-11-2022,"85.394,12 ",Sin lotes,BOE-B-2022-34319,"134.983,20 ","0,00 ",Sin puja mÃ­nima,"2.699,66 ","6.749,16 ",251,JUZGADO 1Âª INST E INSTRUCC. 1 , VIC
SUB-JA-2022-202785,JUDICIAL EN VÃA DE APREMIO,4965 0000 05 0061 19,08-11-2022,28-11-2022,"204.885,00 ",Sin lotes,BOE-B-2022-34314,"31.834,45 ","0,00 ",Sin puja mÃ­nima,"636,68 ","1.591,72 ",253,JUZGADO 1Âª INST E INSTRUCC. 7 , VALDEMORO
SUB-JA-2022-189800,JUDICIAL EN VÃA DE APREMIO,3733 0000 06 0691 16,08-11-2022,28-11-2022,"8.297,27 ",Sin lotes,BOE-B-2022-34187,"124.630,00 ","0,00 ",Sin puja mÃ­nima,Sin tramos,"6.231,50 ",254,JUZGADO 1Âª INST E INSTRUCC. 4 , CARLET
SUB-JA-2022-190189,JUDICIAL EN VÃA DE APREMIO,1306 0000 06 0063 19,08-11-2022,28-11-2022,"63.832,71 ",Sin lotes,BOE-B-2022-34312,"122.400,00 ","0,00 ",Sin puja mÃ­nima,"2.448,00 ","6.120,00 ",256,JUZGADO 1Âª INST E INSTRUCC. 1 , UBRIQUE
SUB-JA-2022-202764,JUDICIAL EN VÃA DE APREMIO,3577 0000 05 0773 21,08-11-2022,28-11-2022,"185.185,91 ",Sin lotes,BOE-B-2022-34293,"638.000,00 ","0,00 ",Sin puja mÃ­nima,"12.760,00 ","31.900,00 ",257,JUZGADO 1Âª INST E INSTRUCC. 4 , ROQUETAS DE MAR
SUB-JA-2022-202742,JUDICIAL EN VÃA DE APREMIO,2041 0000 06 0779 21,08-11-2022,28-11-2022,"67.285,14 ",Sin lotes,BOE-B-2022-34234,"66.517,39 ","0,00 ",Sin puja mÃ­nima,"1.330,34 ","3.325,86 ",259,JUZGADO 1Âª INSTANCIA 3 , JAEN
SUB-JA-2022-191196,JUDICIAL EN VÃA DE APREMIO,4415 0000 06 0549 20,08-11-2022,28-11-2022,"84.069,15 ",Sin lotes,BOE-B-2022-34287,"124.000,00 ","0,00 ",Sin puja mÃ­nima,"2.480,00 ","6.200,00 ",260,JUZGADO 1Âª INST E INSTRUCC. 2 , REQUENA
SUB-JV-2022-192854,JUDICIAL VOLUNTARIA,3435 0000 05 0853 05,08-11-2022,28-11-2022,"69.683,00 ",Sin lotes,BOE-B-2022-34276,"69.683,00 ","0,00 ",Sin puja mÃ­nima,"1.393,66 ","3.484,15 ",263,JUZGADO 1Âª INST E INSTRUCC. 3 , PALENCIA
SUB-JA-2022-202699,JUDICIAL EN VÃA DE APREMIO,3728 3105 06 0196 13,08-11-2022,28-11-2022,"154.494,53 ",Sin lotes,BOE-B-2022-34342,"245.028,60 ","0,00 ",Sin puja mÃ­nima,"2.450,30 ","12.251,43 ",264,UNIDAD SUBASTAS JUDICIALES MURCIA , MURCIA
SUB-JA-2022-202666,JUDICIAL EN VÃA DE APREMIO,2143 0000 06 0122 21,08-11-2022,28-11-2022,"137.315,00 ",Sin lotes,BOE-B-2022-34283,"222.720,00 ","0,00 ",Sin puja mÃ­nima,"4.454,40 ","11.136,00 ",265,JUZGADO 1Âª INST E INSTRUCC. 2 , PONFERRADA
SUB-JA-2022-192930,JUDICIAL EN VÃA DE APREMIO,3728 3063 06 0095 17,08-11-2022,28-11-2022,"91.753,53 ",Sin lotes,BOE-B-2022-34344,"264.496,94 ","0,00 ",Sin puja mÃ­nima,"2.644,98 ","13.224,84 ",266,UNIDAD SUBASTAS JUDICIALES MURCIA , MURCIA
SUB-JA-2022-193018,JUDICIAL EN VÃA DE APREMIO,1424 0000 06 0283 17,08-11-2022,28-11-2022,"20.407,53 ",Sin lotes,BOE-B-2022-34175,"50.570,20 ","0,00 ",Sin puja mÃ­nima,"1.011,40 ","2.528,51 ",267,JUZGADO 1Âª INST E INSTRUCC. 1 , BAENA
SUB-JA-2022-193538,JUDICIAL EN VÃA DE APREMIO,0510 0000 05 0071 15,08-11-2022,28-11-2022,"434.567,19 ",Sin lotes,BOE-B-2022-34169,"475.228,00 ","0,00 ",Sin puja mÃ­nima,"4.752,28 ","23.761,40 ",268,JUZGADO 1Âª INST E INSTRUCC. 1 , ARENYS MAR
SUB-JA-2022-202605,JUDICIAL EN VÃA DE APREMIO,3435 0000 06 0258 12,08-11-2022,28-11-2022,"52.208,41 ",Sin lotes,BOE-B-2022-34278,"95.641,68 ","95.641,68 ",Sin puja mÃ­nima,"1.912,83 ","4.782,08 ",269,JUZGADO 1Âª INST E INSTRUCC. 3 , PALENCIA
SUB-JA-2022-194515,JUDICIAL EN VÃA DE APREMIO,1326 0000 06 1163 21,08-11-2022,28-11-2022,"44.755,56 ",Sin lotes,BOE-B-2022-34188,"85.080,00 ","0,00 ",Sin puja mÃ­nima,"100,00 ","4.254,00 ",270,JUZGADO 1Âª INSTANCIA 4 , CASTELLON DE LA PLANA
SUB-JA-2022-195139,JUDICIAL EN VÃA DE APREMIO,3728 2769 06 0813 21,08-11-2022,28-11-2022,"151.254,20 ",Sin lotes,BOE-B-2022-34351,"271.560,00 ","0,00 ",Sin puja mÃ­nima,"2.715,61 ","13.578,00 ",271,UNIDAD SUBASTAS JUDICIALES MURCIA , MURCIA
SUB-JA-2022-202578,JUDICIAL EN VÃA DE APREMIO,4368 0000 06 0660 21,08-11-2022,28-11-2022,"92.990,45 ",Sin lotes,BOE-B-2022-34306,"146.100,00 ","0,00 ",Sin puja mÃ­nima,"2.922,00 ","7.305,00 ",272,JUZGADO 1Âª INST E INSTRUCC. 3 , SUECA
SUB-JA-2022-202574,JUDICIAL EN VÃA DE APREMIO,3271 0000 06 0077 22,08-11-2022,28-11-2022,"6.647,30 ",Sin lotes,BOE-B-2022-34275,"26.619,93 ","0,00 ",Sin puja mÃ­nima,"532,40 ","1.331,00 ",273,JUZGADO 1Âª INSTANCIA 8 , OVIEDO
SUB-JA-2022-202565,JUDICIAL EN VÃA DE APREMIO,5066 0000 06 0319 17,08-11-2022,28-11-2022,"57.775,23 ",Sin lotes,BOE-B-2022-34247,"84.207,98 ","0,00 ",Sin puja mÃ­nima,"1.684,15 ","4.210,39 ",274,JUZGADO 1Âª INSTANCIA 100 , MADRID
SUB-JC-2022-201243,JUDICIAL CONCURSAL,3590 0000 54 0121 19,08-11-2022,28-11-2022,"144.056,89 ",Sin lotes,BOE-B-2022-34284,"120.000,00 ","0,00 ","60.000,00 â¬","2.400,00 ","6.000,00 ",275,JUZGADO 1Âª INSTANCIA 2 , PONTEVEDRA
SUB-JA-2022-195569,JUDICIAL EN VÃA DE APREMIO,3686 0000 06 0083 14,08-11-2022,28-11-2022,"159.887,25 ",Sin lotes,BOE-B-2022-34195,"282.240,00 ","202.702,85 ",Sin puja mÃ­nima,"5.644,80 ","14.112,00 ",276,JUZGADO 1Âª INST E INSTRUCC. 1 , CIUDAD RODRIGO
SUB-JA-2022-196803,JUDICIAL EN VÃA DE APREMIO,1704 0000 06 4660 18,08-11-2022,28-11-2022,"84.564,66 ",Sin lotes,BOE-B-2022-34181,"128.325,00 ","0,00 ",Sin puja mÃ­nima,Sin tramos,"6.416,25 ",277,JUZGADO 1Âª INST E INSTRUCC. 3 , BLANES
SUB-JA-2022-202511,JUDICIAL EN VÃA DE APREMIO,1674 0000 06 1174 20,08-11-2022,28-11-2022,"139.984,91 ",Sin lotes,BOE-B-2022-34223,"179.000,00 ","0,00 ",Sin puja mÃ­nima,Sin tramos,"8.950,00 ",278,JUZGADO 1Âª INSTANCIA 2 , GIRONA
SUB-JA-2022-197307,JUDICIAL EN VÃA DE APREMIO,2717 0000 06 1090 19,08-11-2022,28-11-2022,"66.418,18 ",Sin lotes,BOE-B-2022-34219,"254.793,58 ","0,00 ",Sin puja mÃ­nima,"5.095,87 ","12.739,68 ",279,JUZGADO 1Âª INSTANCIA 5 , GANDIA
SUB-JA-2022-202494,JUDICIAL EN VÃA DE APREMIO,1939 0000 06 0377 17,08-11-2022,28-11-2022,"42.353,09 ",Sin lotes,BOE-B-2022-34279,"73.083,50 ","0,00 ",Sin puja mÃ­nima,"1.461,67 ","3.654,17 ",280,JUZGADO 1Âª INST E INSTRUCC. 1 , PALMA CONDADO
SUB-JA-2022-202490,JUDICIAL EN VÃA DE APREMIO,1764 0000 06 0504 20,08-11-2022,28-11-2022,"78.052,57 ",Sin lotes,BOE-B-2022-34226,"126.750,00 ","0,00 ",Sin puja mÃ­nima,Sin tramos,"6.337,50 ",281,JUZGADO 1Âª INST E INSTRUCC. 2 , GUADIX
SUB-JA-2022-202483,JUDICIAL EN VÃA DE APREMIO,3728 3108 06 0311 16,08-11-2022,28-11-2022,"85.837,75 ",Sin lotes,BOE-B-2022-34345,"169.296,75 ","0,00 ",Sin puja mÃ­nima,"1.692,98 ","8.464,83 ",283,UNIDAD SUBASTAS JUDICIALES MURCIA , MURCIA
SUB-JA-2022-201908,JUDICIAL EN VÃA DE APREMIO,2912 0000 06 1141 11,08-11-2022,28-11-2022,"474.535,66 ",Sin lotes,BOE-B-2022-34216,"713.400,00 ","0,00 ",Sin puja mÃ­nima,"14.268,00 ","35.670,00 ",284,JUZGADO 1Âª INST E INSTRUCC. 1 , ESTEPONA
SUB-JA-2021-169021,JUDICIAL EN VÃA DE APREMIO,3959 0000 06 0190 15,08-11-2022,28-11-2022,"156.137,62 ",Sin lotes,BOE-B-2022-34255,"46.536,00 ","0,00 ",Sin puja mÃ­nima,"930,72 ","2.326,80 ",287,JUZGADO 1Âª INST E INSTRUCC. 7 , MANRESA
SUB-JA-2022-202973,JUDICIAL EN VÃA DE APREMIO,2860 0000 06 0129 17,08-11-2022,28-11-2022,"78.131,76 ",Sin lotes,BOE-B-2022-34194,"127.392,84 ","127.392,84 ",Sin puja mÃ­nima,Sin tramos,"6.369,64 ",288,JUZGADO 1Âª INST E INSTRUCC. 6 , CIUDAD REAL
SUB-JA-2021-174635,JUDICIAL EN VÃA DE APREMIO,0769 0000 06 0783 12,08-11-2022,28-11-2022,"272.686,85 ",Sin lotes,BOE-B-2022-34230,"373.900,00 ","0,00 ",Sin puja mÃ­nima,"7.478,00 ","18.695,00 ",289,JUZGADO 1Âª INST E INSTRUCC. 3 , IGUALADA
SUB-JA-2022-202266,JUDICIAL EN VÃA DE APREMIO,5451 0000 06 0051 21,03-11-2022,27-11-2022,"141.097,23 ",Sin lotes,BOE-B-2022-33739,"140.102,25 ","0,00 ",Sin puja mÃ­nima,Sin tramos,"7.005,11 ",290,JUZGADO 1 INSTANCIA 8 , REUS
SUB-JA-2022-197365,JUDICIAL EN VÃA DE APREMIO,3214 0000 06 0046 20,03-11-2022,23-11-2022,"81.355,43 ",Sin lotes,BOE-B-2022-33763,"125.083,20 ","125.083,20 ",Sin puja mÃ­nima,Sin tramos,"6.254,16 ",292,JUZGADO 1Âª INST E INSTRUCC. 1 , XINZO DE LIMIA
SUB-JA-2022-200198,JUDICIAL EN VÃA DE APREMIO,4618 0000 18 0103 22,03-11-2022,23-11-2022,"17.368,66 ",Sin lotes,BOE-B-2022-33760,"59.400,00 ","0,00 ",Sin puja mÃ­nima,"1.188,00 ","2.970,00 ",293,JUZGADO 1Âª INSTANCIA 1 , VALLADOLID
SUB-JA-2022-202719,JUDICIAL EN VÃA DE APREMIO,4219 0000 06 0066 19,03-11-2022,23-11-2022,"106.216,03 ",Sin lotes,BOE-B-2022-33749,"170.433,53 ","0,00 ",Sin puja mÃ­nima,"3.408,67 ","8.521,67 ",294,JUZGADO 1Âª INSTANCIA 6 , TARRAGONA
SUB-JA-2022-202414,JUDICIAL EN VÃA DE APREMIO,4194 0000 06 0732 20,03-11-2022,23-11-2022,"91.067,43 ",Sin lotes,BOE-B-2022-33737,"160.603,24 ","160.603,24 ",Sin puja mÃ­nima,Sin tramos,"8.030,16 ",295,JUZGADO 1Âª INSTANCIA 4 , REUS
SUB-JA-2022-202952,JUDICIAL EN VÃA DE APREMIO,2935 0000 05 0594 17,03-11-2022,23-11-2022,"3.927,14 ",Sin lotes,BOE-B-2022-33727,"263.934,00 ","0,00 ",Sin puja mÃ­nima,"5.278,68 ","13.196,70 ",297,JUZGADO 1Âª INSTANCIA 3 , MALAGA
SUB-JA-2022-191965,JUDICIAL EN VÃA DE APREMIO,2978 0000 06 0150 19,03-11-2022,23-11-2022,"99.066,44 ",Sin lotes,BOE-B-2022-33709,"193.300,00 ","0,00 ",Sin puja mÃ­nima,"3.866,00 ","9.665,00 ",299,JUZGADO 1Âª INST E INSTRUCC. 2 , HARO
SUB-JA-2022-203268,JUDICIAL EN VÃA DE APREMIO,2927 0000 06 0164 21,03-11-2022,23-11-2022,"79.105,12 ",Sin lotes,BOE-B-2022-33690,"149.874,50 ","0,00 ",Sin puja mÃ­nima,"2.997,49 ","7.493,72 ",300,JUZGADO 1Âª INST E INSTRUCC. 3 , CARMONA
SUB-JA-2022-203029,JUDICIAL EN VÃA DE APREMIO,2359 0000 06 1303 21,03-11-2022,23-11-2022,"148.605,03 ",Sin lotes,BOE-B-2022-33695,"148.605,03 ","0,00 ",Sin puja mÃ­nima,"2.972,10 ","7.430,25 ",301,JUZGADO 1Âª INST E INSTRUCC. 7 , CERDANYOLA DEL VALLES
SUB-JA-2022-203310,JUDICIAL EN VÃA DE APREMIO,4856 0000 06 0076 19,03-11-2022,23-11-2022,"203.415,59 ",Sin lotes,BOE-B-2022-33755,"310.960,00 ","310.960,00 ",Sin puja mÃ­nima,"6.219,20 ","15.548,00 ",302,JUZGADO 1Âª INST E INSTRUCC. 3 , TUI
SUB-JA-2022-203329,JUDICIAL EN VÃA DE APREMIO,3589 0000 10 0058 22,03-11-2022,23-11-2022,"33.046,31 ",Sin lotes,BOE-B-2022-33735,"85.975,37 ","0,00 ",Sin puja mÃ­nima,"1.719,50 ","4.298,76 ",303,JUZGADO 1Âª INSTANCIA 4 , PONTEVEDRA
SUB-JA-2019-130921,JUDICIAL EN VÃA DE APREMIO,4961 0000 06 0572 13,03-11-2022,23-11-2022,"103.819,01 ",Sin lotes,BOE-B-2022-33694,"113.669,00 ","0,00 ",Sin puja mÃ­nima,"2.273,38 ","5.683,45 ",304,JUZGADO 1Âª INSTANCIA 8 , CASTELLON DE LA PLANA
SUB-JA-2022-203031,JUDICIAL EN VÃA DE APREMIO,1250 0000 05 0212 08,03-11-2022,23-11-2022,"1.207,19 ",Sin lotes,BOE-B-2022-33712,"5.139,00 ","0,00 ",Sin puja mÃ­nima,"102,78 ","256,95 ",305,JUZGADO 1Âª INSTANCIA 2 , JEREZ DE LA FRONTERA
SUB-JA-2022-202870,JUDICIAL EN VÃA DE APREMIO,0764 0000 17 0164 21,03-11-2022,23-11-2022,"155.326,37 ",Sin lotes,BOE-B-2022-33697,"203.205,08 ","0,00 ",Sin puja mÃ­nima,"4.064,10 ","10.160,25 ",306,JUZGADO 1Âª INST E INSTRUCC. 3 , CERDANYOLA DEL VALLES
SUB-JA-2022-195618,JUDICIAL EN VÃA DE APREMIO,5066 0000 06 0199 21,03-11-2022,23-11-2022,"197.430,00 ",Sin lotes,BOE-B-2022-33725,"232.800,00 ","0,00 ",Sin puja mÃ­nima,"4.656,00 ","11.640,00 ",307,JUZGADO 1Âª INSTANCIA 100 , MADRID
SUB-JA-2022-196423,JUDICIAL EN VÃA DE APREMIO,2079 0000 06 0031 17,03-11-2022,23-11-2022,"195.100,35 ",Sin lotes,BOE-B-2022-33756,"211.734,00 ","0,00 ",Sin puja mÃ­nima,"4.234,68 ","10.586,70 ",308,JUZGADO 1Âª INST E INSTRUCC. 1 , UBEDA
SUB-JA-2022-203447,JUDICIAL EN VÃA DE APREMIO,1323 0000 06 0614 21,03-11-2022,23-11-2022,"101.138,81 ",Sin lotes,BOE-B-2022-33692,"212.750,24 ","0,00 ",Sin puja mÃ­nima,Sin tramos,"10.637,51 ",309,JUZGADO 1Âª INSTANCIA 1 , CASTELLON DE LA PLANA
SUB-JA-2022-202851,JUDICIAL EN VÃA DE APREMIO,3278 0000 06 0125 21,03-11-2022,23-11-2022,"83.893,70 ",Sin lotes,BOE-B-2022-33689,"152.415,66 ","0,00 ",Sin puja mÃ­nima,"3.048,31 ","7.620,78 ",310,JUZGADO 1Âª INST E INSTRUCC. 1 , CANGUES D'ONIS/CANGAS DE ONIS-CANGAS DE ONIS
SUB-JA-2022-202849,JUDICIAL EN VÃA DE APREMIO,3659 0000 06 0097 21,03-11-2022,23-11-2022,"70.240,32 ",Sin lotes,BOE-B-2022-33734,"108.993,43 ","0,00 ",Sin puja mÃ­nima,Sin tramos,"5.449,67 ",311,JUZGADO 1Âª INST E INSTRUCC. 6 , PARLA
SUB-JV-2022-202419,JUDICIAL VOLUNTARIA,2959 0000 05 0693 21,03-11-2022,23-11-2022,"0,00 ",Sin lotes,BOE-B-2022-33726,"356.250,00 ","0,00 ",Sin puja mÃ­nima,"2.000,00 ","17.812,50 ",312,JUZGADO 1Âª INSTANCIA 8 , MALAGA
SUB-JA-2022-203515,JUDICIAL EN VÃA DE APREMIO,0858 0000 06 0710 20,03-11-2022,23-11-2022,"123.477,53 ",Sin lotes,BOE-B-2022-33742,"220.929,00 ","0,00 ",Sin puja mÃ­nima,"4.418,58 ","11.046,45 ",313,JUZGADO 1Âª INST E INSTRUCC. 4 , SANTA COLOMA GRAMENET
SUB-JC-2022-201979,JUDICIAL CONCURSAL,2205 0000 52 0600 20,03-11-2022,23-11-2022,"229.113,77 ",Sin lotes,BOE-B-2022-33717,"40.755,84 ","0,00 ",Sin puja mÃ­nima,Sin tramos,"2.037,79 ",314,JUZGADO 1Âª INSTANCIA 6 , LOGROÃO
SUB-JA-2022-202834,JUDICIAL EN VÃA DE APREMIO,4851 0000 06 0119 22,03-11-2022,23-11-2022,"22.125,21 ",Sin lotes,BOE-B-2022-33759,"71.673,25 ","0,00 ",Sin puja mÃ­nima,"1.433,46 ","3.583,66 ",315,JUZGADO 1Âª INSTANCIA 14 , VALLADOLID
SUB-JA-2022-202635,JUDICIAL EN VÃA DE APREMIO,3728 3105 06 1635 15,03-11-2022,23-11-2022,"94.357,43 ",Sin lotes,BOE-B-2022-33771,"122.320,00 ","0,00 ",Sin puja mÃ­nima,"2.446,41 ","6.116,00 ",316,UNIDAD SUBASTAS JUDICIALES MURCIA , MURCIA
SUB-JA-2021-186104,JUDICIAL EN VÃA DE APREMIO,2068 0000 06 0694 15,03-11-2022,23-11-2022,"62.500,50 ",Sin lotes,BOE-B-2022-33716,"77.676,00 ","0,00 ",Sin puja mÃ­nima,"1.553,52 ","3.883,80 ",317,JUZGADO 1Âª INST E INSTRUCC. 4 , LINARES
SUB-JA-2022-196785,JUDICIAL EN VÃA DE APREMIO,2712 0000 06 0216 21,03-11-2022,23-11-2022,"31.212,42 ",Sin lotes,BOE-B-2022-33720,"31.212,42 ","42.741,62 ",Sin puja mÃ­nima,"624,24 ","1.560,62 ",318,JUZGADO 1Âª INSTANCIA 4 , LUGO
SUB-JA-2020-152020,JUDICIAL EN VÃA DE APREMIO,1553 0000 06 0273 19,03-11-2022,23-11-2022,"12.024,36 ",Sin lotes,BOE-B-2022-33703,"35.720,00 ","0,00 ",Sin puja mÃ­nima,"714,40 ","1.786,00 ",319,JUZGADO 1Âª INSTANCIA 1 , FERROL
SUB-JA-2022-201745,JUDICIAL EN VÃA DE APREMIO,2720 0000 06 1367 21,03-11-2022,23-11-2022,"141.822,21 ",Sin lotes,BOE-B-2022-33730,"268.500,00 ","0,00 ",Sin puja mÃ­nima,"1.000,00 ","13.425,00 ",320,JUZGADO 1Âª INSTANCIA 6 , MATARO
SUB-JA-2022-203070,JUDICIAL EN VÃA DE APREMIO,2460 0000 18 0187 21,03-11-2022,23-11-2022,"263.028,68 ",Sin lotes,BOE-B-2022-33722,"272.700,00 ","0,00 ",Sin puja mÃ­nima,Sin tramos,"13.635,00 ",322,JUZGADO 1Âª INSTANCIA 32 , MADRID
SUB-JA-2019-136536,JUDICIAL EN VÃA DE APREMIO,0546 0000 06 4174 18,03-11-2022,23-11-2022,"841.984,00 ",Sin lotes,BOE-B-2022-33688,"900.000,00 ","0,00 ",Sin puja mÃ­nima,"18.000,00 ","45.000,00 ",323,JUZGADO 1Âª INSTANCIA 13 , BARCELONA
SUB-JA-2022-201615,JUDICIAL EN VÃA DE APREMIO,2922 0000 06 0151 21,03-11-2022,23-11-2022,"126.590,30 ",Sin lotes,BOE-B-2022-33705,"164.211,26 ","0,00 ",Sin puja mÃ­nima,"3.284,22 ","8.210,56 ",324,JUZGADO 1Âª INSTANCIA 3 , FUENGIROLA
SUB-JA-2022-203135,JUDICIAL EN VÃA DE APREMIO,0820 0000 05 1041 21,03-11-2022,23-11-2022,"113.455,48 ",Sin lotes,BOE-B-2022-33740,"157.862,99 ","0,00 ",Sin puja mÃ­nima,"3.157,25 ","7.893,14 ",325,JUZGADO 1Âª INSTANCIA 6 , SABADELL
SUB-JA-2022-199371,JUDICIAL EN VÃA DE APREMIO,3028 0000 00 1040 21,03-11-2022,23-11-2022,"126.334,25 ",Sin lotes,BOE-B-2022-33728,"128.800,00 ","0,00 ",Sin puja mÃ­nima,"2.576,00 ","6.440,00 ",326,JUZGADO 1Âª INSTANCIA 12 , MALAGA
SUB-JA-2022-201162,JUDICIAL EN VÃA DE APREMIO,3899 0000 06 0835 20,03-11-2022,23-11-2022,"71.253,88 ",Sin lotes,BOE-B-2022-33743,"107.257,50 ","107.257,50 ",Sin puja mÃ­nima,"2.145,15 ","5.362,88 ",327,JUZGADO 1Âª INSTANCIA 7 , SANTANDER
SUB-JA-2022-201773,JUDICIAL EN VÃA DE APREMIO,3118 0000 06 0599 17,03-11-2022,23-11-2022,"163.052,46 ",Sin lotes,BOE-B-2022-33751,"180.354,61 ","180.354,61 ",Sin puja mÃ­nima,"3.607,09 ","9.017,73 ",328,JUZGADO 1Âª INSTANCIA 2 , TORREMOLINOS
SUB-JA-2022-203142,JUDICIAL EN VÃA DE APREMIO,5079 0000 06 0604 16,03-11-2022,23-11-2022,"156.207,55 ",Sin lotes,BOE-B-2022-33750,"157.000,00 ","0,00 ",Sin puja mÃ­nima,"3.140,00 ","7.850,00 ",329,JUZGADO 1Âª INSTANCIA 8 , TERRASSA
SUB-JA-2022-203201,JUDICIAL EN VÃA DE APREMIO,2064 0000 06 0579 20,03-11-2022,23-11-2022,"28.251,70 ",Sin lotes,BOE-B-2022-33715,"91.732,00 ","91.732,00 ",Sin puja mÃ­nima,"1.834,64 ","4.586,60 ",330,JUZGADO 1Âª INST E INSTRUCC. 3 , LINARES
SUB-JA-2022-203261,JUDICIAL EN VÃA DE APREMIO,2214 0000 06 0147 21,03-11-2022,23-11-2022,"22.071,89 ",Sin lotes,BOE-B-2022-33754,"206.734,00 ","0,00 ",Sin puja mÃ­nima,"4.134,68 ","10.336,70 ",331,JUZGADO 1Âª INST E INSTRUCC. 1 , TREMP
SUB-JA-2022-189142,JUDICIAL EN VÃA DE APREMIO,5066 0000 06 0244 21,03-11-2022,23-11-2022,"208.355,46 ",Sin lotes,BOE-B-2022-33724,"247.200,00 ","0,00 ",Sin puja mÃ­nima,"4.944,00 ","12.360,00 ",332,JUZGADO 1Âª INSTANCIA 100 , MADRID
SUB-JA-2022-201087,JUDICIAL EN VÃA DE APREMIO,3728 3096 06 0479 21,03-11-2022,23-11-2022,"51.438,97 ",Sin lotes,BOE-B-2022-33769,"101.056,56 ","0,00 ",Sin puja mÃ­nima,"2.021,14 ","5.052,82 ",333,UNIDAD SUBASTAS JUDICIALES MURCIA , MURCIA
SUB-JA-2022-201550,JUDICIAL EN VÃA DE APREMIO,5066 0000 06 0065 18,03-11-2022,23-11-2022,"64.908,39 ",Sin lotes,BOE-B-2022-33721,"105.819,00 ","0,00 ",Sin puja mÃ­nima,"2.116,38 ","5.290,95 ",334,JUZGADO 1Âª INSTANCIA 100 , MADRID
SUB-JA-2022-202168,JUDICIAL EN VÃA DE APREMIO,4224 0000 06 1417 21,03-11-2022,23-11-2022,"31.156,98 ",Sin lotes,BOE-B-2022-33753,"40.500,00 ","40.500,00 ",Sin puja mÃ­nima,Sin tramos,"2.025,00 ",336,JUZGADO 1Âª INST E INSTRUCC. 2 , TORTOSA
SUB-JA-2022-201474,JUDICIAL EN VÃA DE APREMIO,0882 0000 17 0973 19,03-11-2022,23-11-2022,"67.849,75 ",Sin lotes,BOE-B-2022-33685,"130.224,51 ","0,00 ",Sin puja mÃ­nima,"2.604,49 ","6.511,22 ",337,JUZGADO 1Âª INSTANCIA 2 , BADAJOZ
SUB-JA-2022-202752,JUDICIAL EN VÃA DE APREMIO,2011 0000 05 0199 16,03-11-2022,23-11-2022,"101.114,24 ",Sin lotes,BOE-B-2022-33747,"232.127,85 ","0,00 ",Sin puja mÃ­nima,"4.642,55 ","11.606,39 ",338,JUZGADO 1Âª INST E INSTRUCC. 5 , TALAVERA DE LA REINA
SUB-JA-2022-190542,JUDICIAL EN VÃA DE APREMIO,4081 0000 06 0600 20,03-11-2022,23-11-2022,"343.751,12 ",Sin lotes,BOE-B-2022-33700,"276.400,00 ","0,00 ",Sin puja mÃ­nima,"5.528,00 ","13.820,00 ",339,JUZGADO 1Âª INST E INSTRUCC. 3 , DOS HERMANAS
SUB-JA-2022-199215,JUDICIAL EN VÃA DE APREMIO,1930 0000 06 1516 18,03-11-2022,23-11-2022,"299.734,46 ",Sin lotes,BOE-B-2022-33701,"426.210,00 ","426.210,00 ",Sin puja mÃ­nima,Sin tramos,"21.310,50 ",340,JUZGADO 1Âª INST E INSTRUCC. 6 , EL VENDRELL
SUB-JV-2022-203391,JUDICIAL VOLUNTARIA,4513 0000 50 1088 20,01-11-2022,21-11-2022,"50.295,47 ",Sin lotes,BOE-B-2022-33495,"28.298,27 ","28.298,27 ",Sin puja mÃ­nima,Sin tramos,"1.414,91 ",347,SERVICIO COMUN GENERAL SUBASTAS , VALENCIA
SUB-JV-2022-203387,JUDICIAL VOLUNTARIA,2234 0000 05 0004 22,01-11-2022,21-11-2022,"0,00 ",Sin lotes,BOE-B-2022-33451,"65.000,00 ","0,00 ","50.000,00 â¬","250,00 ","3.250,00 ",348,JUZGADO 1Âª INSTANCIA 12 , VALLADOLID
SUB-JV-2022-203355,JUDICIAL VOLUNTARIA,4598 0000 78 0071 21,01-11-2022,21-11-2022,"250.000,00 ",Sin lotes,BOE-B-2022-33272,"87.546,93 ","101.444,79 ",Sin puja mÃ­nima,"1.750,93 ","4.377,34 ",349,AUDIENCIA NACIONAL PENAL SERVICIO COMUN EJECUTORIA , MADRID
SUB-JV-2022-203318,JUDICIAL VOLUNTARIA,1948 0000 70 0006 12,01-11-2022,21-11-2022,"11.010,99 ",Sin lotes,BOE-B-2022-33465,"10.439,75 ","17.000,00 ",Sin puja mÃ­nima,"208,80 ","521,99 ",350,JUZGADO EJECUTORIA PENAL 4 , DONOSTIA-SAN SEBASTIAN
SUB-JV-2022-203302,JUDICIAL VOLUNTARIA,3386 0000 78 0031 21,01-11-2022,21-11-2022,"10.426,84 ",Sin lotes,BOE-B-2022-33467,"122.333,16 ","228.356,87 ",Sin puja mÃ­nima,"2.446,66 ","6.116,65 ",351,JUZGADO PENAL 3 , MOSTOLES
SUB-JV-2022-203043,JUDICIAL VOLUNTARIA,5329 0000 05 0015 21,01-11-2022,21-11-2022,"0,00 ",Sin lotes,BOE-B-2022-33397,"385.000,00 ","385.000,00 ",Sin puja mÃ­nima,Sin tramos,"19.250,00 ",352,JUZGADO 1 INSTANCIA 9 , PAMPLONA/IRUÃA
SUB-JV-2022-203005,JUDICIAL VOLUNTARIA,3389 0000 05 0129 22,01-11-2022,21-11-2022,"0,00 ",Sin lotes,BOE-B-2022-33403,"23.574,55 ","23.574,55 ",Sin puja mÃ­nima,"471,49 ","1.178,72 ",353,JUZGADO 1Âª INST E INSTRUCC. 2 , POLA SIERO (LA)-SIERO
SUB-JV-2022-202680,JUDICIAL VOLUNTARIA,2308 0000 05 0101 20,01-11-2022,21-11-2022,"0,00 ",Sin lotes,BOE-B-2022-33386,"30.000,00 ","30.000,00 ","15.000,00 â¬","1.000,00 ","1.500,00 ",354,JUZGADO 1Âª INST E INSTRUCC. 2 , MONFORTE DE LEMOS
SUB-JV-2022-202361,JUDICIAL VOLUNTARIA,2255 0000 05 0065 20,01-11-2022,21-11-2022,"0,00 ",Sin lotes,BOE-B-2022-33356,"55.176,27 ","0,00 ",Sin puja mÃ­nima,"1.103,52 ","2.758,81 ",355,JUZGADO 1Âª INSTANCIA 2 , LOGROÃO
SUB-JV-2022-202277,JUDICIAL VOLUNTARIA,4095 0000 05 0885 21,01-11-2022,21-11-2022,"0,00 ",Sin lotes,BOE-B-2022-33445,"59.190,00 ","0,00 ","41.433,00 â¬",Sin tramos,"2.959,50 ",356,JUZGADO 1Âª INST E INSTRUCC. 2 , UTRERA
SUB-JV-2022-202196,JUDICIAL VOLUNTARIA,1326 0000 05 1617 20,01-11-2022,21-11-2022,"0,00 ",Sin lotes,BOE-B-2022-33297,"30.341,20 ","0,00 ",Sin puja mÃ­nima,"100,00 ","1.517,06 ",357,JUZGADO 1Âª INSTANCIA 4 , CASTELLON DE LA PLANA
SUB-JV-2022-201356,JUDICIAL VOLUNTARIA,4091 0000 00 2071 11,01-11-2022,21-11-2022,"4.928,83 ",Sin lotes,BOE-B-2022-33431,"109.701,00 ","0,00 ",Sin puja mÃ­nima,"100,00 ","5.485,05 ",358,JUZGADO 1Âª INSTANCIA 19 , SEVILLA
SUB-JC-2022-203442,JUDICIAL CONCURSAL,4513 0000 20 0625 20,01-11-2022,21-11-2022,"50.452,00 ",Sin lotes,BOE-B-2022-33497,"50.542,00 ","0,00 ",Sin puja mÃ­nima,Sin tramos,"2.527,10 ",359,SERVICIO COMUN GENERAL SUBASTAS , VALENCIA
SUB-JC-2022-201921,JUDICIAL CONCURSAL,4885 0000 52 0234 19,01-11-2022,21-11-2022,"90.249,60 ",Sin lotes,BOE-B-2022-33311,"90.249,60 ","0,00 ",Sin puja mÃ­nima,"1.804,99 ","4.512,48 ",360,JUZGADO 1Âª INST E INSTRUCC. 2 , EJEA CABALLEROS
SUB-JA-2022-203406,JUDICIAL EN VÃA DE APREMIO,0850 0000 06 0397 15,01-11-2022,21-11-2022,"304.215,44 ",Sin lotes,BOE-B-2022-33325,"377.480,00 ","377.480,00 ",Sin puja mÃ­nima,"1.000,00 ","18.874,00 ",361,JUZGADO 1Âª INST E INSTRUCC. 4 , GAVA
SUB-JA-2022-203307,JUDICIAL EN VÃA DE APREMIO,4851 0000 06 0212 16,01-11-2022,21-11-2022,"7.764,30 ",Sin lotes,BOE-B-2022-33452,"51.849,17 ","0,00 ",Sin puja mÃ­nima,"1.036,98 ","2.592,45 ",362,JUZGADO 1Âª INSTANCIA 14 , VALLADOLID
SUB-JA-2022-203283,JUDICIAL EN VÃA DE APREMIO,4570 0000 06 0806 21,01-11-2022,21-11-2022,"102.596,77 ",Sin lotes,BOE-B-2022-33412,"213.822,00 ","0,00 ",Sin puja mÃ­nima,Sin tramos,"10.691,10 ",363,JUZGADO 1Âª INST E INSTRUCC. 3 , REQUENA
SUB-JA-2022-203276,JUDICIAL EN VÃA DE APREMIO,5066 0000 06 0195 12,01-11-2022,21-11-2022,"103.642,39 ",Sin lotes,BOE-B-2022-33373,"151.184,00 ","0,00 ",Sin puja mÃ­nima,"3.023,68 ","7.559,20 ",364,JUZGADO 1Âª INSTANCIA 100 , MADRID
SUB-JA-2022-203257,JUDICIAL EN VÃA DE APREMIO,5187 0000 05 0916 17,01-11-2022,21-11-2022,"9.012,28 ",Sin lotes,BOE-B-2022-33381,"166.596,96 ","166.596,96 ",Sin puja mÃ­nima,"3.331,93 ","8.329,84 ",365,JUZGADO 1Âª INSTANCIA 8 , MARBELLA
SUB-JA-2022-203235,JUDICIAL EN VÃA DE APREMIO,3707 0000 05 0144 20,01-11-2022,21-11-2022,"41.900,73 ",Sin lotes,BOE-B-2022-33421,"206.967,00 ","0,00 ",Sin puja mÃ­nima,"4.139,34 ","10.348,35 ",366,JUZGADO 1Âª INSTANCIA 7 , SALAMANCA
SUB-JA-2022-203233,JUDICIAL EN VÃA DE APREMIO,2460 0000 06 0147 20,01-11-2022,21-11-2022,"143.199,54 ",Sin lotes,BOE-B-2022-33370,"237.193,20 ","0,00 ",Sin puja mÃ­nima,Sin tramos,"11.859,66 ",367,JUZGADO 1Âª INSTANCIA 32 , MADRID
SUB-JA-2022-203219,JUDICIAL EN VÃA DE APREMIO,1690 0000 06 0601 17,01-11-2022,21-11-2022,"182.052,08 ",Sin lotes,BOE-B-2022-33415,"451.358,45 ","0,00 ",Sin puja mÃ­nima,"9.027,16 ","22.567,92 ",369,JUZGADO 1Âª INST E INSTRUCC. 1 , RIPOLL
SUB-JA-2022-203207,JUDICIAL EN VÃA DE APREMIO,2460 0000 18 0066 21,01-11-2022,21-11-2022,"48.159,19 ",Sin lotes,BOE-B-2022-33371,"132.696,00 ","0,00 ",Sin puja mÃ­nima,Sin tramos,"6.634,80 ",371,JUZGADO 1Âª INSTANCIA 32 , MADRID
SUB-JA-2022-203202,JUDICIAL EN VÃA DE APREMIO,4389 0000 06 0032 20,01-11-2022,21-11-2022,"341.992,12 ",Sin lotes,BOE-B-2022-33461,"313.000,56 ","0,00 ",Sin puja mÃ­nima,"6.260,01 ","15.650,03 ",373,JUZGADO 1Âª INST E INSTRUCC. 3 , XATIVA
SUB-JA-2022-203195,JUDICIAL EN VÃA DE APREMIO,4170 0000 05 1290 20,01-11-2022,21-11-2022,"117.911,32 ",Sin lotes,BOE-B-2022-33438,"173.096,00 ","0,00 ",Sin puja mÃ­nima,"3.461,92 ","8.654,80 ",374,JUZGADO 1Âª INSTANCIA 7 , TERRASSA
SUB-JA-2022-203189,JUDICIAL EN VÃA DE APREMIO,0219 0000 06 0474 19,01-11-2022,21-11-2022,"59.020,62 ",Sin lotes,BOE-B-2022-33278,"300.485,00 ","0,00 ",Sin puja mÃ­nima,"6.009,70 ","15.024,25 ",375,JUZGADO 1Âª INSTANCIA 9 , ALICANTE/ALACANT
SUB-JA-2022-203184,JUDICIAL EN VÃA DE APREMIO,1293 0000 06 0594 21,01-11-2022,21-11-2022,"111.270,11 ",Sin lotes,BOE-B-2022-33302,"230.304,33 ","0,00 ",Sin puja mÃ­nima,"4.606,08 ","11.515,21 ",376,JUZGADO 1Âª INST E INSTRUCC. 2 , COIN
SUB-JA-2022-203180,JUDICIAL EN VÃA DE APREMIO,4534 0000 06 0921 20,01-11-2022,21-11-2022,"1.091.979,54 ",Sin lotes,BOE-B-2022-33402,"1.459.603,20 ","0,00 ",Sin puja mÃ­nima,"29.192,06 ","72.980,16 ",377,JUZGADO 1Âª INST E INSTRUCC. 4 , PATERNA
SUB-JA-2022-203178,JUDICIAL EN VÃA DE APREMIO,1053 0000 06 1304 19,01-11-2022,21-11-2022,"99.662,18 ",Sin lotes,BOE-B-2022-33332,"134.315,01 ","0,00 ",Sin puja mÃ­nima,"2.686,30 ","6.715,75 ",378,JUZGADO 1Âª INSTANCIA 13 , GRANADA
SUB-JA-2022-203164,JUDICIAL EN VÃA DE APREMIO,4393 0000 05 0407 19,01-11-2022,21-11-2022,"170.202,69 ",Sin lotes,BOE-B-2022-33354,"263.473,35 ","0,00 ",Sin puja mÃ­nima,"7.904,20 ","13.173,66 ",379,JUZGADO 1Âª INST E INSTRUCC. 1 , LLIRIA
SUB-JA-2022-203161,JUDICIAL EN VÃA DE APREMIO,3879 0000 05 0304 20,01-11-2022,21-11-2022,"84.223,69 ",Sin lotes,BOE-B-2022-33429,"153.316,08 ","0,00 ",Sin puja mÃ­nima,"3.066,32 ","7.665,80 ",380,JUZGADO 1Âª INST E INSTRUCC. 1 , SANTOÃA
SUB-JA-2022-203154,JUDICIAL EN VÃA DE APREMIO,1620 0000 05 0124 19,01-11-2022,21-11-2022,"39.000,00 ",Sin lotes,BOE-B-2022-33309,"48.060,59 ","48.060,59 ",Sin puja mÃ­nima,Sin tramos,"2.403,03 ",381,JUZGADO 1Âª INST E INSTRUCC. 3 , CUENCA
SUB-JA-2022-203129,JUDICIAL EN VÃA DE APREMIO,1652 0000 06 0465 21,01-11-2022,21-11-2022,"100.256,06 ",Sin lotes,BOE-B-2022-33293,"120.000,00 ","0,00 ","60.000,00 â¬","2.400,00 ","6.000,00 ",382,JUZGADO 1Âª INST E INSTRUCC. 2 , BISBAL
SUB-JA-2022-203122,JUDICIAL EN VÃA DE APREMIO,2214 0000 06 0081 21,01-11-2022,21-11-2022,"29.430,74 ",Sin lotes,BOE-B-2022-33444,"90.625,11 ","0,00 ",Sin puja mÃ­nima,"1.812,50 ","4.531,26 ",383,JUZGADO 1Âª INST E INSTRUCC. 1 , TREMP
SUB-JA-2022-203120,JUDICIAL EN VÃA DE APREMIO,0183 0000 06 0372 14,01-11-2022,21-11-2022,"152.620,75 ",Sin lotes,BOE-B-2022-33391,"233.440,00 ","0,00 ",Sin puja mÃ­nima,"4.668,80 ","11.672,00 ",384,JUZGADO 1Âª INSTANCIA 2 , ORIHUELA
SUB-JA-2022-203115,JUDICIAL EN VÃA DE APREMIO,4252 0000 06 8937 18,01-11-2022,21-11-2022,"105.369,71 ",Sin lotes,BOE-B-2022-33299,"291.000,00 ","0,00 ",Sin puja mÃ­nima,"5.820,00 ","14.550,00 ",385,JUZGADO 1Âª INST E INSTRUCC. 8 , CERDANYOLA DEL VALLES
SUB-JA-2022-203112,JUDICIAL EN VÃA DE APREMIO,1820 0000 05 0279 19,01-11-2022,21-11-2022,"97.328,12 ",Sin lotes,BOE-B-2022-33337,"156.304,00 ","0,00 ",Sin puja mÃ­nima,"3.126,08 ","7.815,20 ",386,JUZGADO 1Âª INSTANCIA 3 , GUADALAJARA
SUB-JA-2022-203099,JUDICIAL EN VÃA DE APREMIO,0754 0000 06 1587 14,01-11-2022,21-11-2022,"176.917,71 ",Sin lotes,BOE-B-2022-33342,"278.553,60 ","0,00 ",Sin puja mÃ­nima,"5.571,07 ","13.927,68 ",387,JUZGADO 1Âª INSTANCIA 3 , HOSPITALET DE LLOBREGAT (L')
SUB-JA-2022-203093,JUDICIAL EN VÃA DE APREMIO,4827 0000 06 1480 17,01-11-2022,21-11-2022,"27.615,16 ",Sin lotes,BOE-B-2022-33333,"104.287,42 ","0,00 ",Sin puja mÃ­nima,"2.085,74 ","5.214,37 ",388,JUZGADO 1Âª INSTANCIA 18 , GRANADA
SUB-JA-2022-203077,JUDICIAL EN VÃA DE APREMIO,4962 0000 06 1796 13,01-11-2022,21-11-2022,"692.171,91 ",Sin lotes,BOE-B-2022-33335,"1.579.217,84 ","1.579.217,84 ",Sin puja mÃ­nima,Sin tramos,"78.960,89 ",389,JUZGADO 1Âª INSTANCIA 7 , GRANOLLERS
SUB-JA-2022-203073,JUDICIAL EN VÃA DE APREMIO,4745 0000 06 0136 21,01-11-2022,21-11-2022,"123.652,47 ",Sin lotes,BOE-B-2022-33326,"141.300,00 ","0,00 ",Sin puja mÃ­nima,"2.826,00 ","7.065,00 ",390,JUZGADO 1Âª INST E INSTRUCC. 3 , GERNIKA-LUMO
SUB-JA-2022-203054,JUDICIAL EN VÃA DE APREMIO,0754 0000 06 0297 12,01-11-2022,21-11-2022,"143.263,98 ",Sin lotes,BOE-B-2022-33341,"263.223,93 ","0,00 ",Sin puja mÃ­nima,"5.264,47 ","13.161,19 ",391,JUZGADO 1Âª INSTANCIA 3 , HOSPITALET DE LLOBREGAT (L')
SUB-JA-2022-203045,JUDICIAL EN VÃA DE APREMIO,4197 0000 05 0436 16,01-11-2022,21-11-2022,"60.335,35 ",Sin lotes,BOE-B-2022-33413,"103.138,75 ","0,00 ",Sin puja mÃ­nima,"2.062,77 ","5.156,94 ",392,JUZGADO 1Âª INSTANCIA 2 , REUS
SUB-JA-2022-203039,JUDICIAL EN VÃA DE APREMIO,0174 0000 06 0508 21,01-11-2022,21-11-2022,"83.712,96 ",Sin lotes,BOE-B-2022-33344,"63.526,00 ","63.526,56 ",Sin puja mÃ­nima,"200,00 ","3.176,30 ",393,JUZGADO 1Âª INST E INSTRUCC. 1 , IBI
SUB-JA-2022-202994,JUDICIAL EN VÃA DE APREMIO,2731 0000 06 0364 17,01-11-2022,21-11-2022,"70.930,23 ",Sin lotes,BOE-B-2022-33319,"102.617,00 ","0,00 ",Sin puja mÃ­nima,"2.052,34 ","5.130,85 ",394,JUZGADO 1Âª INST E INSTRUCC. 4 , ESTEPONA
SUB-JA-2022-202979,JUDICIAL EN VÃA DE APREMIO,3641 0000 06 0024 20,01-11-2022,21-11-2022,"55.893,25 ",Sin lotes,BOE-B-2022-33454,"105.477,62 ","0,00 ",Sin puja mÃ­nima,"2.109,55 ","5.273,88 ",396,JUZGADO 1Âª INSTANCIA 10 , VIGO
SUB-JA-2022-202978,JUDICIAL EN VÃA DE APREMIO,4290 0000 06 0417 16,01-11-2022,21-11-2022,"199.023,15 ",Sin lotes,BOE-B-2022-33345,"301.195,00 ","0,00 ",Sin puja mÃ­nima,"6.023,90 ","15.059,75 ",397,JUZGADO 1Âª INST E INSTRUCC. 1 , ILLESCAS
SUB-JA-2022-202957,JUDICIAL EN VÃA DE APREMIO,0738 0000 06 0832 20,01-11-2022,21-11-2022,"151.366,96 ",Sin lotes,BOE-B-2022-33334,"180.229,00 ","0,00 ",Sin puja mÃ­nima,"3.604,58 ","9.011,45 ",398,JUZGADO 1Âª INSTANCIA 4 , GRANOLLERS
SUB-JA-2022-202855,JUDICIAL EN VÃA DE APREMIO,2198 0000 06 0706 22,01-11-2022,21-11-2022,"62.614,85 ",Sin lotes,BOE-B-2022-33353,"115.215,25 ","0,00 ",Sin puja mÃ­nima,Sin tramos,"5.760,76 ",399,JUZGADO 1Âª INSTANCIA 4 , LLEIDA
SUB-JA-2022-202846,JUDICIAL EN VÃA DE APREMIO,3659 0000 06 0038 21,01-11-2022,21-11-2022,"160.571,79 ",Sin lotes,BOE-B-2022-33400,"247.220,00 ","0,00 ",Sin puja mÃ­nima,Sin tramos,"12.361,00 ",400,JUZGADO 1Âª INST E INSTRUCC. 6 , PARLA
SUB-JA-2022-202845,JUDICIAL EN VÃA DE APREMIO,3659 0000 06 0034 21,01-11-2022,21-11-2022,"153.639,04 ",Sin lotes,BOE-B-2022-33399,"306.628,00 ","0,00 ",Sin puja mÃ­nima,Sin tramos,"15.331,40 ",401,JUZGADO 1Âª INST E INSTRUCC. 6 , PARLA
SUB-JA-2022-202828,JUDICIAL EN VÃA DE APREMIO,2460 0000 18 0040 22,01-11-2022,21-11-2022,"276.830,58 ",Sin lotes,BOE-B-2022-33360,"273.900,00 ","0,00 ",Sin puja mÃ­nima,Sin tramos,"13.695,00 ",402,JUZGADO 1Âª INSTANCIA 32 , MADRID
SUB-JA-2022-202809,JUDICIAL EN VÃA DE APREMIO,4356 0000 05 1979 21,01-11-2022,21-11-2022,"32.619,41 ",Sin lotes,BOE-B-2022-33432,"113.360,56 ","0,00 ",Sin puja mÃ­nima,"2.267,21 ","5.668,02 ",403,JUZGADO 1Âª INSTANCIA 27 , SEVILLA
SUB-JA-2022-202797,JUDICIAL EN VÃA DE APREMIO,0257 0000 06 0499 20,01-11-2022,21-11-2022,"80.815,94 ",Sin lotes,BOE-B-2022-33417,"228.832,44 ","0,00 ",Sin puja mÃ­nima,"4.576,64 ","11.441,62 ",404,JUZGADO 1Âª INST E INSTRUCC. 1 , ROQUETAS DE MAR
SUB-JA-2022-202788,JUDICIAL EN VÃA DE APREMIO,1490 0000 06 0797 19,01-11-2022,21-11-2022,"10.257,91 ",Sin lotes,BOE-B-2022-33406,"32.830,00 ","0,00 ",Sin puja mÃ­nima,"656,60 ","1.641,50 ",406,JUZGADO 1Âª INST E INSTRUCC. 1 , PRIEGO DE CORDOBA
SUB-JA-2022-202743,JUDICIAL EN VÃA DE APREMIO,0742 0000 06 1738 14,01-11-2022,21-11-2022,"528.810,51 ",Sin lotes,BOE-B-2022-33384,"842.864,00 ","0,00 ",Sin puja mÃ­nima,"16.857,28 ","42.143,20 ",409,JUZGADO 1Âª INSTANCIA 5 , MATARO
SUB-JA-2022-202723,JUDICIAL EN VÃA DE APREMIO,0167 0000 06 0167 20,01-11-2022,21-11-2022,"113.362,42 ",Sin lotes,BOE-B-2022-33318,"272.250,00 ","0,00 ",Sin puja mÃ­nima,"5.445,00 ","13.612,50 ",410,JUZGADO 1Âª INSTANCIA 3 , ELX
SUB-JA-2022-202700,JUDICIAL EN VÃA DE APREMIO,2263 0000 06 0463 21,01-11-2022,21-11-2022,"123.912,70 ",Sin lotes,BOE-B-2022-33355,"241.300,00 ","0,00 ",Sin puja mÃ­nima,Sin tramos,"12.065,00 ",411,JUZGADO 1Âª INSTANCIA 3 , LOGROÃO
SUB-JA-2022-202669,JUDICIAL EN VÃA DE APREMIO,3176 0000 06 0399 21,01-11-2022,21-11-2022,"50.631,37 ",Sin lotes,BOE-B-2022-33435,"105.000,00 ","0,00 ",Sin puja mÃ­nima,Sin tramos,"5.250,00 ",412,JUZGADO 1Âª INST E INSTRUCC. 1 , TAFALLA
SUB-JA-2022-202644,JUDICIAL EN VÃA DE APREMIO,0451 0000 06 0317 14,01-11-2022,21-11-2022,"220.095,98 ",Sin lotes,BOE-B-2022-33396,"231.501,12 ","0,00 ",Sin puja mÃ­nima,"4.630,02 ","11.575,05 ",413,JUZGADO 1Âª INSTANCIA 1 , PALMA DE MALLORCA
SUB-JA-2022-202639,JUDICIAL EN VÃA DE APREMIO,2134 0000 06 0278 21,01-11-2022,21-11-2022,"41.679,47 ",Sin lotes,BOE-B-2022-33351,"70.160,96 ","0,00 ",Sin puja mÃ­nima,Sin tramos,"3.508,04 ",415,JUZGADO 1Âª INSTANCIA 6 , LEON
SUB-JA-2022-202617,JUDICIAL EN VÃA DE APREMIO,0840 0000 06 3017 15,01-11-2022,21-11-2022,"183.099,11 ",Sin lotes,BOE-B-2022-33305,"203.062,03 ","0,00 ",Sin puja mÃ­nima,Sin tramos,"10.153,10 ",416,JUZGADO 1Âª INST E INSTRUCC. 4 , CORNELLA DE LLOBREGAT
SUB-JA-2022-202596,JUDICIAL EN VÃA DE APREMIO,1674 0000 06 1051 16,01-11-2022,21-11-2022,"65.056,15 ",Sin lotes,BOE-B-2022-33329,"100.400,00 ","0,00 ",Sin puja mÃ­nima,Sin tramos,"5.020,00 ",417,JUZGADO 1Âª INSTANCIA 2 , GIRONA
SUB-JA-2022-202533,JUDICIAL EN VÃA DE APREMIO,2960 0000 06 1450 19,01-11-2022,21-11-2022,"332.084,01 ",Sin lotes,BOE-B-2022-33378,"278.369,00 ","0,00 ",Sin puja mÃ­nima,"5.567,38 ","13.918,45 ",419,JUZGADO 1Âª INSTANCIA 9 , MALAGA
SUB-JA-2022-202525,JUDICIAL EN VÃA DE APREMIO,2234 0000 06 0161 17,01-11-2022,21-11-2022,"74.982,37 ",Sin lotes,BOE-B-2022-33450,"153.600,00 ","153.600,00 ",Sin puja mÃ­nima,"1.000,00 ","7.680,00 ",420,JUZGADO 1Âª INSTANCIA 12 , VALLADOLID
SUB-JA-2022-202510,JUDICIAL EN VÃA DE APREMIO,5066 0000 06 0093 17,01-11-2022,21-11-2022,"91.403,08 ",Sin lotes,BOE-B-2022-33372,"121.486,80 ","0,00 ",Sin puja mÃ­nima,"2.429,73 ","6.074,34 ",421,JUZGADO 1Âª INSTANCIA 100 , MADRID
SUB-JA-2022-202509,JUDICIAL EN VÃA DE APREMIO,2764 0000 05 0062 19,01-11-2022,21-11-2022,"71.372,92 ",Sin lotes,BOE-B-2022-33282,"107.000,00 ","0,00 ",Sin puja mÃ­nima,Sin tramos,"5.350,00 ",422,JUZGADO 1Âª INST E INSTRUCC. 2 , ALMUNIA DOÃA GODINA
SUB-JA-2022-202486,JUDICIAL EN VÃA DE APREMIO,4963 0000 06 1425 20,01-11-2022,21-11-2022,"72.554,18 ",Sin lotes,BOE-B-2022-33279,"167.860,00 ","0,00 ",Sin puja mÃ­nima,"3.357,20 ","8.393,00 ",423,JUZGADO 1Âª INSTANCIA 8 , ALMERIA
SUB-JA-2022-202479,JUDICIAL EN VÃA DE APREMIO,3728 0895 06 0253 21,01-11-2022,21-11-2022,"56.652,65 ",Sin lotes,BOE-B-2022-33485,"90.111,08 ","0,00 ",Sin puja mÃ­nima,"1.802,23 ","4.505,55 ",424,UNIDAD SUBASTAS JUDICIALES MURCIA , MURCIA
SUB-JA-2022-202475,JUDICIAL EN VÃA DE APREMIO,2182 0000 06 0130 19,01-11-2022,21-11-2022,"149.540,75 ",Sin lotes,BOE-B-2022-33289,"230.716,06 ","0,00 ",Sin puja mÃ­nima,"4.614,32 ","11.535,80 ",425,JUZGADO 1Âª INST E INSTRUCC. 2 , BALAGUER
SUB-JA-2022-202441,JUDICIAL EN VÃA DE APREMIO,4513 0000 10 1644 15,01-11-2022,21-11-2022,"33.161,77 ",Sin lotes,BOE-B-2022-33493,"89.929,02 ","0,00 ",Sin puja mÃ­nima,Sin tramos,"4.496,45 ",426,SERVICIO COMUN GENERAL SUBASTAS , VALENCIA
SUB-JA-2022-202434,JUDICIAL EN VÃA DE APREMIO,4237 0000 06 2841 16,01-11-2022,21-11-2022,"103.416,40 ",Sin lotes,BOE-B-2022-33317,"152.100,00 ","152.100,00 ",Sin puja mÃ­nima,Sin tramos,"7.605,00 ",427,JUZGADO 1Âª INST E INSTRUCC. 1 , EL VENDRELL
SUB-JA-2022-202430,JUDICIAL EN VÃA DE APREMIO,3113 0000 05 1525 18,01-11-2022,21-11-2022,"37.632,80 ",Sin lotes,BOE-B-2022-33440,"123.848,16 ","0,00 ",Sin puja mÃ­nima,"2.476,96 ","6.192,40 ",428,JUZGADO 1Âª INSTANCIA 3 , TORREMOLINOS
SUB-JA-2022-202428,JUDICIAL EN VÃA DE APREMIO,4542 0000 06 0153 20,01-11-2022,21-11-2022,"11.237,77 ",Sin lotes,BOE-B-2022-33283,"43.531,07 ","0,00 ",Sin puja mÃ­nima,"870,62 ","2.176,55 ",429,JUZGADO 1Âª INST E INSTRUCC. 5 , ALZIRA
SUB-JA-2022-202412,JUDICIAL EN VÃA DE APREMIO,3728 3084 06 0072 21,01-11-2022,21-11-2022,"75.153,19 ",Sin lotes,BOE-B-2022-33476,"108.925,60 ","0,00 ",Sin puja mÃ­nima,"2.178,52 ","5.446,28 ",430,UNIDAD SUBASTAS JUDICIALES MURCIA , MURCIA
SUB-JA-2022-202368,JUDICIAL EN VÃA DE APREMIO,1427 0000 06 0643 19,01-11-2022,21-11-2022,"74.430,72 ",Sin lotes,BOE-B-2022-33304,"100.000,00 ","0,00 ",Sin puja mÃ­nima,"2.000,00 ","5.000,00 ",431,JUZGADO 1Âª INSTANCIA 6 , CORDOBA
SUB-JA-2022-202326,JUDICIAL EN VÃA DE APREMIO,2400 0000 06 0092 20,01-11-2022,21-11-2022,"121.500,93 ",Sin lotes,BOE-B-2022-33324,"199.268,38 ","0,00 ",Sin puja mÃ­nima,"3.985,36 ","9.963,41 ",433,JUZGADO 1Âª INST E INSTRUCC. 7 , GAVA
SUB-JA-2022-202300,JUDICIAL EN VÃA DE APREMIO,5066 0000 06 0035 22,01-11-2022,21-11-2022,"143.611,75 ",Sin lotes,BOE-B-2022-33364,"135.409,26 ","0,00 ",Sin puja mÃ­nima,"2.708,18 ","6.770,46 ",435,JUZGADO 1Âª INSTANCIA 100 , MADRID
SUB-JA-2022-202259,JUDICIAL EN VÃA DE APREMIO,2751 0000 06 0563 11,01-11-2022,21-11-2022,"129.919,61 ",Sin lotes,BOE-B-2022-33315,"219.075,00 ","219.075,00 ",Sin puja mÃ­nima,"4.381,50 ","10.953,75 ",436,JUZGADO 1Âª INST E INSTRUCC. 5 , EJIDO(EL)
SUB-JA-2022-202238,JUDICIAL EN VÃA DE APREMIO,3975 0000 06 0022 17,01-11-2022,21-11-2022,"38.370,09 ",Sin lotes,BOE-B-2022-33357,"89.415,34 ","0,00 ",Sin puja mÃ­nima,"1.788,30 ","4.470,76 ",437,JUZGADO 1Âª INST E INSTRUCC. 1 , LORA RIO
SUB-JA-2022-202228,JUDICIAL EN VÃA DE APREMIO,0744 0000 06 0112 21,01-11-2022,21-11-2022,"89.732,89 ",Sin lotes,BOE-B-2022-33343,"192.400,00 ","0,00 ",Sin puja mÃ­nima,"3.848,00 ","9.620,00 ",438,JUZGADO 1Âª INSTANCIA 1 , HOSPITALET DE LLOBREGAT (L')
SUB-JA-2022-202225,JUDICIAL EN VÃA DE APREMIO,0857 0000 06 0856 21,01-11-2022,21-11-2022,"121.381,04 ",Sin lotes,BOE-B-2022-33427,"223.650,12 ","0,00 ",Sin puja mÃ­nima,"4.473,00 ","11.182,50 ",439,JUZGADO 1Âª INST E INSTRUCC. 3 , SANTA COLOMA GRAMENET
SUB-JA-2022-202063,JUDICIAL EN VÃA DE APREMIO,3999 0000 05 1979 15,01-11-2022,21-11-2022,"105.590,84 ",Sin lotes,BOE-B-2022-33433,"115.843,80 ","0,00 ",Sin puja mÃ­nima,"2.316,87 ","5.792,19 ",440,JUZGADO 1Âª INSTANCIA 3 , SEVILLA
SUB-JA-2022-202042,JUDICIAL EN VÃA DE APREMIO,3887 0000 05 0135 19,01-11-2022,21-11-2022,"152.078,80 ",Sin lotes,BOE-B-2022-33439,"147.275,68 ","0,00 ",Sin puja mÃ­nima,"2.945,51 ","7.363,78 ",441,JUZGADO 1Âª INST E INSTRUCC. 1 , TORRELAVEGA
SUB-JA-2022-202033,JUDICIAL EN VÃA DE APREMIO,4835 0000 06 0207 19,01-11-2022,21-11-2022,"452.495,70 ",Sin lotes,BOE-B-2022-33462,"400.000,00 ","400.000,00 ",Sin puja mÃ­nima,"150,00 ","20.000,00 ",442,JUZGADO 1Âª INST E INSTRUCC. 1 , ZAMORA
SUB-JA-2022-202027,JUDICIAL EN VÃA DE APREMIO,4726 0000 06 0799 20,01-11-2022,21-11-2022,"192.540,60 ",Sin lotes,BOE-B-2022-33292,"234.035,04 ","0,00 ",Sin puja mÃ­nima,Sin tramos,"11.701,75 ",443,JUZGADO 1Âª INSTANCIA 12 , BILBAO
SUB-JA-2022-202023,JUDICIAL EN VÃA DE APREMIO,3986 0000 06 0030 18,01-11-2022,21-11-2022,"158.540,16 ",Sin lotes,BOE-B-2022-33350,"269.197,09 ","0,00 ",Sin puja mÃ­nima,"5.383,94 ","13.459,85 ",444,JUZGADO 1Âª INST E INSTRUCC. 8 , LEGANES
SUB-JA-2022-201934,JUDICIAL EN VÃA DE APREMIO,3728 3117 06 0151 21,01-11-2022,21-11-2022,"47.032,40 ",Sin lotes,BOE-B-2022-33483,"65.600,00 ","0,00 ",Sin puja mÃ­nima,"2.624,01 ","3.280,00 ",445,UNIDAD SUBASTAS JUDICIALES MURCIA , MURCIA
SUB-JA-2022-201874,JUDICIAL EN VÃA DE APREMIO,1225 0000 05 0499 15,01-11-2022,21-11-2022,"188.903,50 ",Sin lotes,BOE-B-2022-33294,"325.486,59 ","0,00 ",Sin puja mÃ­nima,"1.000,00 ","16.274,33 ",446,JUZGADO 1Âª INSTANCIA 1 , CADIZ
SUB-JA-2022-201836,JUDICIAL EN VÃA DE APREMIO,5066 0000 56 0220 21,01-11-2022,21-11-2022,"197.234,90 ",Sin lotes,BOE-B-2022-33368,"226.400,00 ","0,00 ",Sin puja mÃ­nima,"4.528,00 ","11.320,00 ",448,JUZGADO 1Âª INSTANCIA 100 , MADRID
SUB-JA-2022-201768,JUDICIAL EN VÃA DE APREMIO,2845 0000 06 0287 15,01-11-2022,21-11-2022,"135.675,31 ",Sin lotes,BOE-B-2022-33446,"187.858,00 ","0,00 ",Sin puja mÃ­nima,"3.757,16 ","9.392,90 ",449,JUZGADO 1Âª INST E INSTRUCC. 1 , VALDEMORO
SUB-JA-2022-201535,JUDICIAL EN VÃA DE APREMIO,1325 0000 06 1335 13,01-11-2022,21-11-2022,"142.524,96 ",Sin lotes,BOE-B-2022-33296,"229.836,52 ","0,00 ",Sin puja mÃ­nima,Sin tramos,"11.491,82 ",451,JUZGADO 1Âª INSTANCIA 3 , CASTELLON DE LA PLANA
SUB-JA-2022-201515,JUDICIAL EN VÃA DE APREMIO,5066 0000 56 0520 14,01-11-2022,21-11-2022,"296.237,19 ",Sin lotes,BOE-B-2022-33361,"475.792,58 ","0,00 ",Sin puja mÃ­nima,"9.515,85 ","23.789,62 ",452,JUZGADO 1Âª INSTANCIA 100 , MADRID
SUB-JA-2022-201479,JUDICIAL EN VÃA DE APREMIO,2919 0000 06 0113 20,01-11-2022,21-11-2022,"60.164,63 ",Sin lotes,BOE-B-2022-33460,"53.628,85 ","0,00 ",Sin puja mÃ­nima,"1.072,57 ","2.681,44 ",454,JUZGADO 1Âª INST E INSTRUCC. 2 , VILLARROBLEDO
SUB-JA-2022-201463,JUDICIAL EN VÃA DE APREMIO,3952 0000 06 0762 18,01-11-2022,21-11-2022,"167.797,23 ",Sin lotes,BOE-B-2022-33425,"265.036,00 ","0,00 ",Sin puja mÃ­nima,"5.300,72 ","13.251,80 ",455,JUZGADO 1Âª INST E INSTRUCC. 2 , SANLUCAR MAYOR
SUB-JA-2022-201461,JUDICIAL EN VÃA DE APREMIO,4513 0000 05 0581 21,01-11-2022,21-11-2022,"120.737,48 ",Sin lotes,BOE-B-2022-33492,"138.698,04 ","0,00 ",Sin puja mÃ­nima,Sin tramos,"6.934,90 ",456,SERVICIO COMUN GENERAL SUBASTAS , VALENCIA
SUB-JA-2022-201231,JUDICIAL EN VÃA DE APREMIO,1420 0000 06 0439 20,01-11-2022,21-11-2022,"103.438,35 ",Sin lotes,BOE-B-2022-33273,"160.000,00 ","0,00 ",Sin puja mÃ­nima,"3.200,00 ","8.000,00 ",457,JUZGADO 1Âª INST E INSTRUCC. 1 , AGUILAR DE LA FRONTERA
SUB-JA-2022-201050,JUDICIAL EN VÃA DE APREMIO,0250 0000 06 0437 16,01-11-2022,21-11-2022,"122.238,57 ",Sin lotes,BOE-B-2022-33314,"168.577,61 ","0,00 ",Sin puja mÃ­nima,"3.371,55 ","8.428,88 ",458,JUZGADO 1Âª INST E INSTRUCC. 1 , EJIDO(EL)
SUB-JA-2022-200937,JUDICIAL EN VÃA DE APREMIO,4301 0000 06 0901 10,01-11-2022,21-11-2022,"40.677,70 ",Sin lotes,BOE-B-2022-33390,"92.100,00 ","0,00 ",Sin puja mÃ­nima,"1.842,00 ","4.605,00 ",459,JUZGADO 1Âª INST E INSTRUCC. 2 , ORGAZ
SUB-JA-2022-200809,JUDICIAL EN VÃA DE APREMIO,1682 0000 06 0478 16,01-11-2022,21-11-2022,"141.770,05 ",Sin lotes,BOE-B-2022-33389,"160.000,00 ","0,00 ",Sin puja mÃ­nima,Sin tramos,"8.000,00 ",461,JUZGADO 1Âª INST E INSTRUCC. 1 , OLOT
SUB-JA-2022-200700,JUDICIAL EN VÃA DE APREMIO,1357 0000 06 0786 21,01-11-2022,21-11-2022,"21.000,36 ",Sin lotes,BOE-B-2022-33456,"54.025,23 ","0,00 ",Sin puja mÃ­nima,Sin tramos,"2.701,26 ",462,JUZGADO 1Âª INST E INSTRUCC. 3 , VILA-REAL
SUB-JA-2022-200668,JUDICIAL EN VÃA DE APREMIO,3728 2774 06 0130 21,01-11-2022,21-11-2022,"72.431,45 ",Sin lotes,BOE-B-2022-33474,"138.849,00 ","0,00 ",Sin puja mÃ­nima,"2.776,99 ","6.942,45 ",463,UNIDAD SUBASTAS JUDICIALES MURCIA , MURCIA
SUB-JA-2022-200655,JUDICIAL EN VÃA DE APREMIO,3728 3097 06 0306 21,01-11-2022,21-11-2022,"142.286,81 ",Sin lotes,BOE-B-2022-33473,"156.307,72 ","0,00 ",Sin puja mÃ­nima,"1.563,09 ","7.815,39 ",464,UNIDAD SUBASTAS JUDICIALES MURCIA , MURCIA
SUB-JA-2022-200619,JUDICIAL EN VÃA DE APREMIO,4141 0000 05 0056 17,01-11-2022,21-11-2022,"54.942,96 ",Sin lotes,BOE-B-2022-33374,"140.686,00 ","140.686,00 ",Sin puja mÃ­nima,Sin tramos,"7.034,30 ",465,JUZGADO 1Âª INSTANCIA 87 , MADRID
SUB-JA-2022-200597,JUDICIAL EN VÃA DE APREMIO,2883 0000 06 0183 19,01-11-2022,21-11-2022,"214.926,00 ",Sin lotes,BOE-B-2022-33398,"256.694,24 ","0,00 ",Sin puja mÃ­nima,"5.133,88 ","12.834,71 ",466,JUZGADO 1Âª INST E INSTRUCC. 4 , PARLA
SUB-JA-2022-200492,JUDICIAL EN VÃA DE APREMIO,2693 0000 05 0183 20,01-11-2022,21-11-2022,"89.339,11 ",Sin lotes,BOE-B-2022-33401,"272.600,00 ","0,00 ",Sin puja mÃ­nima,"5.452,00 ","13.630,00 ",467,JUZGADO 1Âª INST E INSTRUCC. 1 , PARLA
SUB-JA-2022-200439,JUDICIAL EN VÃA DE APREMIO,2459 0000 00 0269 21,01-11-2022,21-11-2022,"193.608,77 ",Sin lotes,BOE-B-2022-33363,"396.864,00 ","0,00 ","200,00 â¬","7.937,28 ","19.843,20 ",468,JUZGADO 1Âª INSTANCIA 31 , MADRID
SUB-JA-2022-200365,JUDICIAL EN VÃA DE APREMIO,1525 0000 06 0096 15,01-11-2022,21-11-2022,"118.378,16 ",Sin lotes,BOE-B-2022-33306,"140.000,00 ","0,00 ",Sin puja mÃ­nima,Sin tramos,"7.000,00 ",469,JUZGADO 1Âª INSTANCIA 1 , CORUÃA (A)
SUB-JA-2022-200347,JUDICIAL EN VÃA DE APREMIO,3267 0000 06 0115 20,01-11-2022,21-11-2022,"82.365,16 ",Sin lotes,BOE-B-2022-33285,"99.600,00 ","0,00 ",Sin puja mÃ­nima,Sin tramos,"4.980,00 ",470,JUZGADO 1Âª INST E INSTRUCC. 5 , AVILES
SUB-JA-2022-200299,JUDICIAL EN VÃA DE APREMIO,2460 0000 06 0215 21,01-11-2022,21-11-2022,"145.284,50 ",Sin lotes,BOE-B-2022-33365,"253.300,00 ","0,00 ",Sin puja mÃ­nima,Sin tramos,"12.665,00 ",471,JUZGADO 1Âª INSTANCIA 32 , MADRID
SUB-JA-2022-200266,JUDICIAL EN VÃA DE APREMIO,2331 0000 06 0202 17,01-11-2022,21-11-2022,"407.528,13 ",Sin lotes,BOE-B-2022-33274,"582.100,00 ","0,00 ",Sin puja mÃ­nima,"11.642,00 ","29.105,00 ",472,JUZGADO 1Âª INSTANCIA 1 , ALCALA DE HENARES
SUB-JA-2022-200149,JUDICIAL EN VÃA DE APREMIO,2460 0000 18 0155 21,01-11-2022,21-11-2022,"71.837,88 ",Sin lotes,BOE-B-2022-33377,"165.235,84 ","0,00 ",Sin puja mÃ­nima,Sin tramos,"8.261,79 ",473,JUZGADO 1Âª INSTANCIA 32 , MADRID
SUB-JA-2022-199848,JUDICIAL EN VÃA DE APREMIO,0193 0000 06 0418 09,01-11-2022,21-11-2022,"162.652,60 ",Sin lotes,BOE-B-2022-33458,"164.227,01 ","0,00 ",Sin puja mÃ­nima,"3.284,54 ","8.211,35 ",474,JUZGADO 1Âª INST E INSTRUCC. 1 , VILLAJOYOSA/VILA JOIOSA (LA)
SUB-JA-2022-199817,JUDICIAL EN VÃA DE APREMIO,3728 5477 06 0083 21,01-11-2022,21-11-2022,"114.045,05 ",Sin lotes,BOE-B-2022-33480,"195.949,05 ","0,00 ",Sin puja mÃ­nima,"1.959,50 ","9.797,45 ",475,UNIDAD SUBASTAS JUDICIALES MURCIA , MURCIA
SUB-JA-2022-199619,JUDICIAL EN VÃA DE APREMIO,4513 0000 02 0775 20,01-11-2022,21-11-2022,"29.689,48 ",Sin lotes,BOE-B-2022-33491,"37.611,24 ","0,00 ",Sin puja mÃ­nima,Sin tramos,"1.880,56 ",476,SERVICIO COMUN GENERAL SUBASTAS , VALENCIA
SUB-JA-2022-199260,JUDICIAL EN VÃA DE APREMIO,5066 0000 06 0178 18,01-11-2022,21-11-2022,"90.491,41 ",Sin lotes,BOE-B-2022-33366,"143.011,25 ","0,00 ",Sin puja mÃ­nima,"2.860,22 ","7.150,56 ",477,JUZGADO 1Âª INSTANCIA 100 , MADRID
SUB-JA-2022-198988,JUDICIAL EN VÃA DE APREMIO,3519 0000 05 0379 15,01-11-2022,21-11-2022,"94.290,50 ",Sin lotes,BOE-B-2022-33422,"199.425,00 ","0,00 ",Sin puja mÃ­nima,Sin tramos,"9.971,25 ",478,JUZGADO 1Âª INSTANCIA 1 , SAN BARTOLOME DE TIRAJANA
SUB-JA-2022-198950,JUDICIAL EN VÃA DE APREMIO,0867 0000 06 0591 21,01-11-2022,21-11-2022,"128.608,28 ",Sin lotes,BOE-B-2022-33437,"230.034,15 ","0,00 ",Sin puja mÃ­nima,"4.600,68 ","11.501,71 ",479,JUZGADO 1Âª INSTANCIA 3 , TERRASSA
SUB-JA-2022-198330,JUDICIAL EN VÃA DE APREMIO,3362 0000 05 0129 19,01-11-2022,21-11-2022,"27.742,64 ",Sin lotes,BOE-B-2022-33394,"85.138,95 ","85.138,95 ",Sin puja mÃ­nima,"1.702,78 ","4.256,95 ",482,JUZGADO 1Âª INSTANCIA 5 , OVIEDO
SUB-JA-2022-198097,JUDICIAL EN VÃA DE APREMIO,1725 0000 06 0578 15,01-11-2022,21-11-2022,"89.860,56 ",Sin lotes,BOE-B-2022-33331,"235.385,00 ","0,00 ",Sin puja mÃ­nima,Sin tramos,"11.769,25 ",484,JUZGADO 1Âª INSTANCIA 4 , GRANADA
SUB-JA-2022-198094,JUDICIAL EN VÃA DE APREMIO,0535 0000 05 0635 19,01-11-2022,21-11-2022,"262.451,02 ",Sin lotes,BOE-B-2022-33290,"326.951,80 ","0,00 ",Sin puja mÃ­nima,Sin tramos,"16.347,59 ",485,JUZGADO 1Âª INSTANCIA 2 , BARCELONA
SUB-JA-2022-197796,JUDICIAL EN VÃA DE APREMIO,1644 0000 06 0126 15,01-11-2022,21-11-2022,"112.410,02 ",Sin lotes,BOE-B-2022-33407,"149.836,00 ","0,00 ",Sin puja mÃ­nima,"2.996,72 ","7.491,80 ",486,JUZGADO 1Âª INST E INSTRUCC. 4 , PUERTO DEL ROSARIO
SUB-JA-2022-197143,JUDICIAL EN VÃA DE APREMIO,4233 0000 06 0240 12,01-11-2022,21-11-2022,"69.559,93 ",Sin lotes,BOE-B-2022-33453,"149.600,00 ","0,00 ",Sin puja mÃ­nima,"2.992,00 ","7.480,00 ",487,JUZGADO 1Âª INST E INSTRUCC. 1 , VALLS
SUB-JA-2022-196910,JUDICIAL EN VÃA DE APREMIO,3319 0000 06 0068 21,01-11-2022,21-11-2022,"146.821,40 ",Sin lotes,BOE-B-2022-33348,"248.755,20 ","0,00 ",Sin puja mÃ­nima,"4.975,10 ","12.437,76 ",489,JUZGADO 1Âª INST E INSTRUCC. 1 , LANGREO
SUB-JA-2022-196706,JUDICIAL EN VÃA DE APREMIO,3728 3063 06 0591 12,01-11-2022,21-11-2022,"34.501,93 ",Sin lotes,BOE-B-2022-33488,"81.788,43 ","0,00 ",Sin puja mÃ­nima,"1.635,78 ","4.089,42 ",490,UNIDAD SUBASTAS JUDICIALES MURCIA , MURCIA
SUB-JA-2022-196339,JUDICIAL EN VÃA DE APREMIO,2369 0000 06 0093 20,01-11-2022,21-11-2022,"147.552,08 ",Sin lotes,BOE-B-2022-33307,"245.002,68 ","0,00 ",Sin puja mÃ­nima,"4.900,05 ","12.250,13 ",491,JUZGADO 1Âª INST E INSTRUCC. 1 , COSLADA
SUB-JA-2022-195863,JUDICIAL EN VÃA DE APREMIO,0102 0000 00 0860 16,01-11-2022,21-11-2022,"42.100,50 ",Sin lotes,BOE-B-2022-33276,"67.953,00 ","0,00 ",Sin puja mÃ­nima,"1.359,06 ","3.397,65 ",492,JUZGADO 1Âª INSTANCIA 6 , ALICANTE/ALACANT
SUB-JA-2022-195489,JUDICIAL EN VÃA DE APREMIO,0275 0000 06 0856 17,01-11-2022,21-11-2022,"555.938,03 ",Sin lotes,BOE-B-2022-33312,"148.209,97 ","0,00 ",Sin puja mÃ­nima,"2.964,19 ","7.410,49 ",493,JUZGADO 1Âª INST E INSTRUCC. 3 , EJIDO(EL)
SUB-JA-2022-195270,JUDICIAL EN VÃA DE APREMIO,3728 3074 06 0177 14,01-11-2022,21-11-2022,"47.173,19 ",Sin lotes,BOE-B-2022-33486,"73.141,00 ","0,00 ",Sin puja mÃ­nima,"2.925,65 ","3.657,05 ",494,UNIDAD SUBASTAS JUDICIALES MURCIA , MURCIA
SUB-JA-2022-195207,JUDICIAL EN VÃA DE APREMIO,2986 0000 06 0069 16,01-11-2022,21-11-2022,"98.218,71 ",Sin lotes,BOE-B-2022-33414,"153.039,26 ","0,00 ",Sin puja mÃ­nima,"3.060,79 ","7.651,96 ",495,JUZGADO 1Âª INSTANCIA 6 , REUS
SUB-JA-2022-195189,JUDICIAL EN VÃA DE APREMIO,1266 0000 06 0177 18,01-11-2022,21-11-2022,"76.897,27 ",Sin lotes,BOE-B-2022-33352,"76.606,57 ","0,00 ",Sin puja mÃ­nima,"1.532,13 ","3.830,32 ",496,JUZGADO 1Âª INST E INSTRUCC. 1 , LINEA CONCEPCION
SUB-JA-2022-194970,JUDICIAL EN VÃA DE APREMIO,3728 3063 06 0047 14,01-11-2022,21-11-2022,"169.855,23 ",Sin lotes,BOE-B-2022-33472,"247.260,00 ","0,00 ",Sin puja mÃ­nima,"2.472,61 ","12.363,00 ",497,UNIDAD SUBASTAS JUDICIALES MURCIA , MURCIA
SUB-JA-2022-194427,JUDICIAL EN VÃA DE APREMIO,3728 3108 06 0311 20,01-11-2022,21-11-2022,"106.770,41 ",Sin lotes,BOE-B-2022-33479,"114.200,00 ","0,00 ",Sin puja mÃ­nima,"2.284,01 ","5.710,00 ",499,UNIDAD SUBASTAS JUDICIALES MURCIA , MURCIA
SUB-JA-2022-193864,JUDICIAL EN VÃA DE APREMIO,4204 0000 06 1325 18,01-11-2022,21-11-2022,"58.216,54 ",Sin lotes,BOE-B-2022-33436,"86.468,00 ","0,00 ",Sin puja mÃ­nima,Sin tramos,"4.323,40 ",500,JUZGADO 1Âª INSTANCIA 2 , TARRAGONA
