Descripcion,Direccion,Codigo_Postal,Localidad,Provincia,id,Provincia_Id
PISO,CALLE PLANETAS 4,33404,CORVERA,Asturias,2,3
CALLE PASTORA DE CANTILLANA 10,CALLE PASTORA DE CANTILLANA 10,41500,ALCALA DE GUADAIRA,Sevilla,3,1
"VIVIENDA situada en planta de ático, con acceso por la puerta de la Avenida de la Viñuela, de Córdoba, con fachada a esa Avenida, hoy señalado con el núm. 22 de la Avenida de la Viñuela, a la derecha mirando frente a la misma. Mide 66,29 M2. CONSTA de estar-comedor, tres dormitorios, cocina, cuarto de baño, terraza-pila lavadero y terraza al frente.","Avda de la Viñuela nº 22 , 4º D",14007,CORDOBA,Córdoba,10,1
"URBANA: Casa marcada con el número once, hoy treinta y uno de la calle Avilés de Linares Finca Registral número 14.311 , inscrita en el Registro de la Propiedad de Linares, inscrita al Tomo 1.329, libro 1.327, folio 135 .",CL. AVILÉS 31,23700,LINARES,Jaén,13,1
"Urbana: vivienda sita en C/ San José de Calasanz, 8-1º-izda. de Getafe (Madrid). Inscrita en Reg. Prop. 2 de Getafe, tomo 908, libro 121, sección 2ª, folio 11.FINCA 13676","Calle San José de Calasanz, nº 8-1º.izda.GETAFE (Madrid)",28902,GETAFE,Madrid,14,11
"SUBTIPO: VIVIENDA DESCRIPCION: vivienda tipo 5.1 en la primera planta alta de un edificio, situado en la calle General Castaños, termino municipal de Roquetas de Mar. Tiene una superficie de setenta y seis metros y cincuenta y seis decímetros cuadrados.",CL GENERAL CASTAÑOS,4740,ROQUETAS DE MAR,Almeria,16,1
"URBANA.- Finca número veintisiete. Vivienda número dos ,de la cuarta planta alta, del bloque número diez de la Urbanización denominada Cortijo de Bazán, en la barriada de Ciudad Jardín de esta Ciudad . Es del tipo B, y tiene una superficie útil de sesenta y nueve metros y dieciocho decímetros cuadrados y total construida de ochenta y cuatro metros y cuarenta y dos decímetros cuadrados. Se compone de tres dormitorios, cuarto de aseo, comedor-estar con solana, cocina con terraza - lavadero, vestíbulo de entrada, pasillo de distribución interior y ayuda de comedor. Siendo sus linderos :por su frente, con el pasillo distribuidor común y la vivienda número tres de la misma planta; al fondo, con la explanada de entrada al bloque; derecha entrando, con la vivienda número uno de igual planta; y por la izquierda, entrando, con calle de la Urbanización.",9148104UF7694N0016UZ,0,29018,MALAGA,20,1
"VIVIENDA DERECHA EN PLANTA BAJA, INTEGRANTE DE LA CASA SEÑALADA CON EL NÚMERO SIETE C, PERTENECIENTE AL MODELO UNO EN EL POLIGONO LOS CERROS CHICOS, DE SAN MARTIN DE LA VEGA (MADRID) HOY CALLE SAN CRISTOBAL 21 INSCRITA EN EL REGISTRO DE LA PROPIEDAD DE PINTO AL TOMO 936 LIBRO 143 DE SAN MARTIN DE LA VEGA FOLIO 108 FINCA NUMERO 6388 INSCRIPCION 12ª.",C/ SAN CRISTOBAL Nº21 BAJO DERECHA EN SAN MARTIN DE LA VEGA 28330,28330,VALDEMORO,Madrid,21,11
"Vivienda sita en calle Periodista Felipe Sanchez Nº 2 2º A de Torremolinos, finca Nº 5907",CALLE PERIODISTA Nº 2 2ºA,29620,TORREMOLINOS,Málaga,23,1
"DESCRIPCION.- URBANA.- NÚMERO CUARENTA Y CINCO.-VIVIENDA LETRA B, situada en la planta tercera, de la escalera tercera, del bloque segundo. LINDA: frente, patio de luces y descansillo de escalera; fondo, calle de Tresjuntos.Registro de la Propiedad de BELMONTE (CUENCA) tomo 1143, libro 74, de Belmonte, folio 61, finca número 7.253, inscripción 3ª.",calle tresjuncos,16640,belmonte,Cuenca,26,6
VIVIENDA EN CALICASAS C/ MARIANA PINEDA NUM 31 SEGUN CATASTRO C/FEDERICO GARCIA LORCA ENTRESUELO E,C/ FEDERICO GARCIA LORCA ENTRESUELO E,18290,CALICASAS,Granada,28,1
VER EDICTO,"C/ San Sebastián, nº 26 (antes 44), Planta Baja.",21700,La Palma del Condado,Huelva,29,1
CALLE RIO NVERVION Nº 20 3º D LEGANES INSCRITA EN EL REISTRO DE LA PROPIEDAD Nº 2 DE LEGANES TOMO 213 FOLIO 213 LIBRO 22 INSCRICION 2ª.,CALLE NERVION Nº 20 3º D,28913,LEGANES,Madrid,37,11
"URBANA . Casa situada en Alosno , en la calle perdida num. 45 , de 2 cuerpos con corral y pozo , con una superficie registral de 100 metros cuadrados y catastrada de 120 metros cuadrados","C/ Perdida , num. 45",21520,ALOSNO,Huelva,38,1
"CASA EN BURGUILLOS DEL CERRO, BADAJOZ","CORONEL MOSCARDÓ,6",6370,BURGUILLOS DEL CERRO,Badajoz,40,9
"URBANA: NÚMERO VEINTITRÉS VIVIENDA en la planta quinta, cuarta de viviendas, del edificio en esta ciudad, en la calle del Pozo Amarillo, con dos portales de entrada señalados con los números veintisiete-veintinueve y treinta y uno-treinta y tres de dicha calle.",CALLE POZO AMARILLO 27-29 5A,37001,SALAMANCA,Salamanca,41,5
"Piso primero de la finca sita en Manresa, calle Era Firmat, 29","C. Era Firmat, 29 1",8240,MANRESA,Barcelona,42,7
SEGUN EDICTO,AVENIDA DE PIO XII NUMERO 51,45600,TALAVERA DE LA REINA,Toledo,50,6
"registral 7416 ,sitaen Castelldefels, Avda Hotel 2-4,1º 4ª","Avda Hotel 2-4,1º4ª Castelldefels",8860,Castelldefels,Barcelona,51,7
Vivienda en Paseo de Riazor nº 3,Paseo de Riazor 3,28942,FUENLABRADA,Madrid,53,11
ADJUNTO,CALLE TEROL,43895,L'AMPOLLA,Tarragona,54,7
FINCA Nº 4683 REGISTRO PROPIEDAD Nº 6 GRANADA,CALLE PARRAS Nº 38,18151,OGÍJARES,Granada,57,1
"Piso número 2 de la planta primera, portal siete, del edificio numero 1, 3, 5 y 7 de la prolongación de la calle Sánchez Albarrán de Málaga",3379101UF7637N0078,0,29014,malaga,58,1
EN VALDEPEÑAS DE JAEN,CALLE LADERA,23150,VALDEPEÑAS DE JAEN,Jaén,61,1
"VIVIENDA EN FEREZ SITA EN PASEO DEL PILAR Nº 14, PLANTA PRIMERA",PASEO DEL PILAR Nº 14 DE YESTE,2480,YESTE,Albacete,64,6
FINCA REGISTRAL 10917 DEL REGISTRO DE LA PROPIEDAD 25 DE MADRID,"CALLE ANTILLON, 17-BAJO D",28011,MADRID,Madrid,65,11
"vivienda 63,30 m2","Pasaje Leonardo Da Vinci nº 6, 4º B",3010,ALICANTE,Alicante/Alacant,66,8
VIVIENDA SITA EN CALLE JORGE VIGON Nº 25 7º IZQ.,6014822WN4061S0015XS,0,26001,Logroño,68,14
VER DESCRIPCIÓN COMPLETA EN EL EDICTO,CALLE ABARDERO Nº 10 PLANTA 1,28034,MADRID,Madrid,71,11
VIVIENDA SITA EN CALLE LUIS MEDINA 2 DE PILAS,CALLE LUIS MEDINA 2,41840,PILAS,Sevilla,72,1
"Vivienda derecha en la segunda planta alzada de la casa nº1 del bloque uno de 52,44 m2 de superficie; consta de vestíbulo, cocina comedor estar, tres dormitorios, cuarto de aseo y solana. Linda: derecha entrando y fondo, patio interior; izquierda entrando calle Pantano de Yesa y frente, piso izquierda de la misma casa, rellano y caja de la escalera.",7252403XM7175C0005OK,0,50015,ZARAGOZA,76,2
"Finca Registral nº 2378. Inscrita en el libro 813, folio 99, tomo 3308 del Registro de la Propiedad nº 4 de Sevilla. Vivienda sita en Calle Ciudad de Albarique, nº 11, planta baja puerta 2 o izquierda de Sevilla","Calle Ciudad de Albarique, nº 11, planta baja puerta 2 o izquierda",41019,sevilla,Sevilla,79,1
En el edicto anunciando subasta . También plaza de aparcamiento y trastero,calle A.G.B.S. s/n Esc B planta 2ª puerta 1ª,25620,Tremp,Lleida,83,7
FINCA REGISTRAL 25777,"CALLE SAGITARIO Nº 3 , RESIDENCIAL EL GAMONAL , EDIFICIO Nº1 , PLANTA 1ª ALTA VIVIENDA Nº 8",29631,BENALMADENA,Málaga,84,1
"URBANA: FINCA ESPECIAL. ENTIDAD NÚMERO DIECISEIS. VIVIENDA EN PLANTA BAJA, PUERTA SEGUNDA del edificio sito en Blanes, en la calle Alhambra, número veintidós-veintiséis. Tiene una superificie construida de ciento veintiún metros ochenta y cuatro decímetros cuadrados y útil de ochenta y ocho metros veintisiete decímetros cuadrados. Se distribuye en recibidor, salón-comedor, cocina, tres dormitorios, dos cuatos de baño, local de garaje y terraza de cuarenta y un metro treinta decímetros cuadrdos y lleva como ANEJO la propiedad del cuarto trastero identificado con el NUMERO ONCE, situado en el sótano-dos del edificio de la calle Giralda a nivel del garaje, con una superificie construida de cinco metros sesenta y seis decímetros cuadrados y útil de cuatro metros cincuenta y tres decímetros cuadrados. LINDA al frente por donde tiene su entrada con el rellano de escalera y ascensor a la izquierda entrando con fachada a la calle Alhanbra, al fondo con finca número veintiséis de la calle Alhambre y a la derecha entrando terraza del patio de manzana. Coeficiente general seis enteros dos mil doscientos cuarenta y siete diez milesimas por ciento. Coeficiente de escalera: ocho enteros dos mil trescientos treinta y ocho diez m ilesimas por ciento.","C/Alhambra 22-26,Planta baja, puerta 2da",17300,Blanes,Girona,85,7
"CALLE TORTAJADA, Nº4 2ºD 28021 MADRID",9764410VK3696D0012AM,28021,28021,MADRID,87,11
"INSCRIPCION: Inscrita en el Registro de la Propiedad de Yeste, al tomo 884, libro 135, folio 212, finca número 16.515.",CALLE MIGUEL HERNANDEZ Nº13,2430,ELCHE DE LA SIERRA,Albacete,91,6
URBANA. CASA Nº 3. FINCA Nº 8777 DE ALHAMA . 3 -Alhama de Granada,"BARRIO RAFAEL ALBERTI, 3 TRAVESIA 2",18120,ALHAMA DE GRANADA,Granada,93,1
"URBANA.- CUARENTA Y DOS.- VIVIENDA tipo G, en planta novena del Edificio número 36 del Bloque 8, sito en la Barriada de Nuevo Andrés, hoy Puerto Oncala nº 6, de Málaga.",0429304UF7602N004200,0,29000,MALAGA,94,1
"VIVIENDA EN C/ ANADE Nº 3, 3º B VALLADOLID. URBANA: PISO TIPO I, LETRA B, NÚMERO 26 DE ORDEN, EN PLANTA TERCERA DE LA CASA NÚMERO 3 DE LA CALLE A, HOY CALLE ANADE DE VALLADOLID.",7518002UM5171H0026EH,0,47012,VALLADOLID,97,5
"URBANA. NÚMERO CATORCE. Piso tercero posterior derecha desde la calle tipo B, destinado a vivienda del edificio número cuatro de la calle Veláquez en la ciudad de Oviedo.Distribuida en varias dependencias. Le es inherente un cuarto trastero en la planta bajo cubierta. IDUFIR 33027000532711","CL VELAZQUEZ, 4, 3º B",33011,OVIEDO,Asturias,98,3
"URBANA VIVIENDA EN AREVALO PASEO DE LOS PLATANOS DE 88 METROS Y 28 DECIMETROS CUADRADOS, CUARTA PLANTA Y ANEJO PLAZA GARAJE DE 12 METROS CUADRADOS","PASEO DE LOS PLATANOS 4, 4ºG",5200,AREVALO,Ávila,99,5
"1º.-Finca Urbana nº 6055 de Villar de Cañas (Cuenca), al sitio conocido por CASALONGA, sita en Camino del Sauce, nº 3. Inscrita en Registro de la Propiedad de Belmonte (Cuenca), al tomo 1286, libro 45, folio 140, inscripción 6ª de fecha 29/10/2008. Tasada para SUBASTA en 192.144,00 euros.",camino del sauce,16433,villar de cañas,Cuenca,105,6
FINCA 2409,"C/ STELLA MARIS Nº6, PARCELA 55",17412,MAÇANET DE LA SELVA,Girona,112,7
"DERECHO DE SUPERFICIE DEL ELEMENTO NÚMERO VEINTIOCHO DE LA VIVIENDA IZQUIERDA DERECHA DE LA PLANTA ALTA TERCERA DE LA CASA NÚMERO DOCE. Tienen una superficie útil aproximada de 69,89 metros cuadrados. Linda al Norte eje peatonal que las separa de las casas 13 y 15 de la calle Mendi Alde Kalea y acceso peatonal; Sur, vivienda derecha-izquierda de la respectiva planta y del mismo portal y con patio; Este, Calle Dr. Ferran y Oeste, vivienda izquierda-izquierda de la respectiva planta y del mismo portal. Le corresponde como ANEXO lo siguiente: Garaje número veintinueve en planta de sótano. Ocupa una superficie útil de 28,82 metros cuadrados, aproximadamente y linda; frente fondo y derecha, con paso o acceso a la zona de garajes; e izquierda, parcela de garaje número veintiocho. Trastero número trece en planta primera de la casa señalada con el número doce. Ocupa una superficie útil de 7,80 metros cuadrados aproximadamente, y linda, norte, eje peatonal que la separa de las casas 13 y 15 de la calle Mendi Kalea y acceso peatonal; Sur, pasillo de acceso; Este, trastero número doce y Oeste, trastero número cinco del portal 14. Participa en los elementos comunes con 1,64%.",DOCTOR FERRAN 12 3ºE,48980,SANTURTZI,Bizkaia,115,13
"FINCA URBANA EN TERMINO DE CARBAJAL DE LA LEGUA, AYUNTAMIENTO DE SARIEGOS (LEÓN). PARCELA CUARENTA Y UNO.- En la URBANIZACIÓN “EL MONTICO”, con una superficie de ochocientos sesenta y seis metros y treinta y cuatro decímetros cuadrados, que linda: Norte, calle 1; Sur, parcela cincuenta y seis; Este, parcela cuarenta y dos; y Oeste, calle 2, sobre la que se ha construido una VIVIENDA UNIFAMILIAR que consta de plantas baja y primera, comunicadas ambas plantas por medio de escalera interior. INSCRIPCIÓN.- INSCRITA EN EL REGISTRO DE LA PROPIEDAD Nº 2 DE LEÓN AL TOMO 1.939, LIBRO 37, FOLIO 3, FINCA 3.403, INSCRIPCIONES 2ª Y 3ª"".”","PARCELA 41, URBANIZACION EL MONTICO",24196,CARBAJAL DE LA LEGUA,León,120,5
"Vivienda en la planta alta primera, puerta sexta, del bloque B del edificio sito en Riudellots de la Selva, Avda. Paisos Catalans 28","Av. Paisos Catalans, 28 1º 6ª Bloque B",17457,Riudellots de la Selva,Girona,124,7
vivienda en dos plantas barrio archilla carretera las losas 173,barrio archilla Carretera de las Losas 173,4738,vicar,Almeria,126,1
"Ocupa una superficie de 90m2, incluidas las terrazas. Se distribuye en recibidor, paso, comedor-estar con acceso a una terraza en la fachada principal del edificio, cocina, lavadero, aseo, baño y tres dormitorios.","C\ Perez Dolç 10, 1 - 1 - Esc B",43850,Cambrils,Tarragona,128,7
"Vienda sita en C/ Dulcinea nº 5, Escalera nº 1 de Jerez de la Frontera","C/ DULCINEA Nº 5, Escalera 1, Puerta 1",11406,JEREZ DE LA FRONTERA,Cádiz,129,1
"VIVIENDA SITA EN PETRER, MARCADA Nº 21 3º PLANTA DCHA, CALLE PARTIDO DEL CAMPET EDIFICIO C. FINCA 8573",PARTIDO DEL CAMPET 21-3º DCHA. EDIFICIO C,3610,PETRER,Alicante/Alacant,130,8
VIVIENDA TIPO J SITUADA EN CALLE EMERITO MAESTRE 20 PLANTA 2ª DE ELDA FINCA Nº 28046,EMERITO MAESTRE 20-2º,3600,ELDA,Alicante/Alacant,131,8
"FINCA número 47.604 inscrita en el Registro de la Propiedad de Mieres, al tomo 961, libro 845 , folio 86 anotación C.VIVIENDA SITUADA EN EL LADO ESTE DE LA SEGUNDA PLANTA ALTA, DE UN EDIFICIO SIN NÚMERO DE POBLACIÓN SITO EN FIGAREDO,CONCEJO DE MIERES, COMPUESTO DE PLANTA BAJA, DOS PISOS ALTOS Y DESVÁN. OCUPA UNA SUPERFICIE ÚTIL DE 49,49 DECÍMETROS CUADRADOS, DISTRIBUIDA EN COCINA, BAÑO Y 3 HABITACIONES",POBLACION FIGAREDO S/N,33683,FIGAREDO-MIERES,Asturias,132,3
VIVIENDA EN PLANTA PRIMERA Nº 7 PUERTA B-2 APARTAMENTES KINSHASA CALPE,"PARTIDA SORA, ADUANA O SENIA APARTAMENTOS KINSHASA",3710,CALPE,Alicante/Alacant,133,8
Finca 50988 de Sabadell,Calle Calderón 117-119 y 121,8201,sabadell,Barcelona,134,7
"URBANA: Elemento número uno o vivienda de la planta baja de la casa de la calle de León, en la barriada del Tacó de esta villa, número ocho, con una superficie útil de treinta y cinco metros cuadrados, que comprende comedor, cocina, aseo, dos dormitorios y pequeña galería; lindante, al Norte, con la calle de León, al Sur y Este, resto de finca de los consortes don Manuel arenas y doña Eleuterio Torres Leiva; y al Oeste, finca de herederos de Don Salvador Juncosa Juncosa; y por arriba; el primer piso de la casa. Se atribuye a este piso, una cuota de participación con relación al total del valor del inmueble de treinta centésimas.",c/ de Lleó nº 8 planta baja,8800,vilanova i la geltru,Barcelona,139,7
"FINCA 5053, TOMO 1383, LIBRO 64, FOLIO 185, INSCRIPCIÓN 5ª, INSCRITA EN EL REGISTRO DE LA PROPIEDAD DE ORGAZ",CALLE CRISTO S/N,45110,AJOFRIN,Toledo,141,6
VIVIENDA SITUADA EN CALLE PASEO DELOS ROSALES Nº 127 DE MOSTOLES,AVDA DE LOS ROSALES Nº 127 ESCALERA 1 PLANTA 1º-D,28935,MOSTOLES,Madrid,145,11
"URBANA: NÚMERO DOS.- VIVIENDA en la PLANTA BAJA, a la izquierda entrando por el portal, de la casa en VALLADOLID, CALLE DEL FAISAN, NÚMERO 13. Tiene una superficie construida de cuarenta y ocho metros y cuarenta y seis decímetros cuadrados. Consta de comedor, tres dormitorios, cocina, despensa, tendedero y cuarto de aseo, según el título.",7824514UM5172D0001UQ,0,47012,VALLADOLID,147,5
"Finca registral 33182. Vivienda en planta tercera, superficie construida 93 m. Avenida de la Grandiella 25-27, Aviles. Anejos garaje y trastero nº 3.",Avenida de la Grandiella,33402,Aviles,Asturias,148,3
"vivienda exterior en primera planta alta, recayente a la derecha mirando a la fachada, puerta seis, del edificio en Valencia, calle Duque de Mandas número veintinueve. Se compone de vestíbulo, tres dormitorios, comedor, cocina y aseo; ocupa una superficie útil de cincuenta y cuatro metros setenta y dos decímetros cuadrados y linda frente y derecha mirando, los del patio de luces, escalera y pasillo. Se le asigna un porcentaje del cuatro enteros cuarenta y dos centésimas por ciento.",6351212YJ2765A0008OY,0,46019,VALENCIA,151,8
"Vivienda letra A en la planta primera, del edificio en término de Gerena, en la calle Antonio Alvarez sin número.","C/ Antonio Alvarez, s/n 1º A",41860,GERENA,Sevilla,154,1
"TRES DORMITORIOS, COCINA, BAÑO, COMEDOR, VESTÍBULO, TENDEDERO Y TERRAZA",CALLE ZAMORA 28 2º 3º,28945,FUENLABRADA,Madrid,155,11
Vivienda unifamiliar sobre la parcel·la número 19 de la illa j del Pla Parcial Torre PInto Mollerusa,Calle Tossal Blanch,25230,Mollerusa,Lleida,156,7
"URBANA.- 479.- PISO TIPO T, 6º, número 1: está situado en la sexta planta del Edificio en Madrid, compuesto de un total de TRES PORTALES, señalados con los números 1, 2 y 3, hoy provisionalmente y conforme a la licencia, sito en la Calle Hierro Uno, 17, perteneciente al Portal 3. Tiene una superficie, con inclusión de elementos comunes, de 105.99 metros cuadrados, tiene una terraza con una superficie de 130,55 metros cuadrados. Distribuidos en varias dependencias. LINDES: por su frente, mirando desde la fachada Noroeste del Edificio, que da a la calle Antracita, con dicha calle; derecha, con cubierta del local comercial nº 1; izquierda por donde tiene su acceso, con terraza de acceso a viviendas y piso nº 1 en su planta; fondo, con cubierta del local comercial nº 1. CUOTA: 0,681 %. Código Registral Único: 280900006563050. Como anejo inseparable de esta finca consta EL TRTASTERO NÚMERO 63 del portal 3. Está situado en la planta sótano 1º del Edificio, perteneciente al local destinado a Trasteros del Portal número 3. Es totalmente diáfano. Tiene una superficie, con inclusión de elementos comunes, de 4,41 metros cuadrados, y una superficie útil de 2,60 metros cuadrados. LINDES: por su frente, mirando desde la fachada noroeste del edificio, que da a la calle Antracita, con cuarto trastero nº 70; derecha, con rampa de garaje; izquierda, con cuarto trastero nº 64; y fondo, con pasillo de distribución.","CALLE DEL HIERRO Nº 17 PORTAL 3, 6ºT",28045,MADRID,Madrid,157,11
Vivienda situada en Plaza Vicario Andres Perez Molina nº 2 Edf. Corcega 2º C de Almeria inscrita en el Registro de la Propiedad nº 2 de Almeria.,PLAZA VICARIO ANDRES PEREZ MOLINA Nº 2 EDF. CORCEGA 2º C,4004,ALMERIA,Almeria,158,1
"VIVIENDA sita en Zaragoza, Grupo “José Antonio Girón”, Bl. I, Casa nº 3, entlo. Dcha.","Grupo “José Antonio Girón”, Bl. I, Casa nº 3, entlo. Dcha.",50002,ZARAGOZA,Zaragoza,160,2
"REGISTRAL Nº 2732 RGTº PROPIEDAD Nº 5 VALLADOLID, TOMO 1923, LIBRO 176, FOLIO 107, C/ SAN ANDRES Nº 4-2º-B LA CISTERNIGA (VALLADOLID)",C/ SAN ANDRES Nº 4-2º-B LA CISTERNIGA (VALLADOLID),47193,LA CISTERNIGA,Valladolid,162,5
"LETRA C, Nº 30.",CARRETERA DE FUENTE AMARGA,11130,CHICLANA DE LA FROTNERA,Cádiz,165,1
"FINCA NUM 60086 del Registro de la Propiedadnum. 1 de Alicante, inscria al libro 1923 tomo 2851, folio 1923 e inscripción 8ª. Sita en calle Maestro Alonso num. 82-4ºA,03012 ALICANTE",CALLE MAESTRO ALONSO NUM. 82-4º A,3012,ALICANTE,Alicante/Alacant,168,8
VIVIENDA UNIFAMILIAR EN C/ CERVIGUERA Nº 31 ALDEAMAYOR DE SAN MARTIN,C/ CERVIGUERA Nº 31,47162,ALDEAMAYOR DE SAN MARTIN,Valladolid,169,5
"Urbana: cincuenta y cuatro. Piso séptimo número cincuenta y cuatro, del edificio número dieciséis y dieciocho de la Calle Blas de Lezo, de esta ciudad, hoy nº 11. Es del tipo B y consta de hall, y paso estar-comedor, tres dormitorios, cocina, cuatro de baño y terraza. Con una superficie útil de sesenta y ocho metros cuarenta y ocho decímetros cuadrados.",29024000231931,0,29011,MALAGA,171,1
"PREDIO NÚMERO DOCE.- VIVIENDA SEGUNDO TIPO E, con acceso por el portal del edificio señalado con el número ocho de la Avenida de Méjico, en Mieres, en confluencia con la calle Fábrica de Mieres, número 2. Tiene una superficie construida de NOVENTA METROS NOVENTA Y SIETE DECIMETROS CUADRADOS y útil de SETENTA Y NUEVE METROS CUATRO DECÍMETROS CUADRADOS, ambas medidas aproximadamente. Consta de hall de entrada, pasillo distribuidor, tres dormitorios, salón, cocina, baño y aseo","CALLE LA FABRICA MIERES 2, ESC 2, 2º E",33600,MIERES,Asturias,172,3
"URBANA. PISO CUARTO CENTRO, en la cuarta planta de viviendas, de unos sesenta y ocho metros cuadrados y una PARTICIPACIÓN en el valor total del inmueble de seis enteros por ciento. Linda: frente, rellano de la escalera y pisos derecha e izquierda; derecha entrando, piso derecha; izquierda, piso izquierda; y espalda, calle de su situación. Lleva ANEXA la parte de desván de cuarenta y ocho metros cuadrados sobre el propio piso y la totalidad de la terraza a los que se tiene acceso directo por el piso. Finca sita en la Calle García Arista nº 18, piso 4º centro, de Zaragoza. Referencia catastral: 6843906XM7164D0014JS Inscripción registral: Inscrita en el Registro de la Propiedad Nº 4 de Zaragoza, Tomo 375, Libro 17 de Sección 3ª, Folio 243, inscripción 5ª, Finca Registral nº 756 de la Sección 12. IDUFIR: 50024000099418 Vivienda habitual: NO Situación posesoria: Conferida administración y posesión interina.","Calle García Arista nº 18, piso 4º centro, de Zaragoza",50015,ZARAGOZA,Zaragoza,179,2
"VIVIENDA Y TRASTERO -DESCRIPCION: FINCA REGISTRAL Nº 23.174.-URBANA: Uno. Tipo A, en planta baja, integrante del edificio DAVID, situado en Almoradí, en calle Pintor Sorolla, 58 . Su superficie construida es de noventa y nueve metros y setenta y cuatro decímetros cuadrados; siendo la útil de setenta y cuatro metros y setenta y seis decímetros cuadrados","C/ PINTOR SOROLLA , 58 Pl bja",3160,ALMORADI,Alicante/Alacant,181,8
"FINCA NUMERO SIETE.- VIVIENDA UNIFAMILIAR ADOSADA, señalada con el Nº 7. Tiene su entrada principal a través del porche, con frente a la CALLE B. compuesta de plantas de semisótano, baja y bajo cubierta, comunicadas por medio de escalera interior. La planta de semisótano está destinada a cuarto de instalaciones. La planta baja se distribuye en porche, terraza, estar-comedor-cocina, un dormitorio, baño y distribuidor; y la planta bajo cubierta en distribuidor, dos dormitorios y aseo.","AL SITIO MONTECILLO, Nº 7, CERULLEDA",24844,VALDELUGUEROS,León,182,5
"URBANA vivienda puerta 19 en cuarta planta alta del edificio sito en calle Maestro Serrano 17 de Xirivella , con una superficie de 92,65 m2 inscrita en el Registro de la Propiedad de Xirivella al tomo 2498, libro 297, folio 175 inscripcion 7ª. FINCA REGISTRAL 10049",CALLE MAESTRO SERRANO 17-4-19,46950,XIRIVELLA,Valencia/València,183,8
"TIPO: URBANA, cuyos datos registrales son Nº FINCA: 12.111, FOLIO: 39, TOMO: 1.701, LIBRO: 761, Nº REGISTRO PROPIEDAD: 9 DE MALAGA. Localización: Vivienda piso sin anejos (VPO: SI), CALLE OBISPO CAÑEDO Y VIGIL, NUMERO 1, Nº BLOQUE 58, PORTAL A, PLANTA 5, PUERTA A, SITUACIÓN: LAS FLORES. REFERENCIA CATASTRAL3367901UF7636N0017BI.",3367901UF7636N0017BI,0,29014,MALAGA,184,1
"Tiene una superficie construida de ciento diecinueve metros sesenta y tres decímetros cuadrados, distribuida en comedor-estar, cocina, dos cuartos de baño, pasillo, cuatro dormitorios, vestíbulo y galería.",CALLE ANA NAVARRO Nº 31-2º-E-,3007,ALICANTE,Alicante/Alacant,187,8
"VIVIENDA EN CASTILLEJA DE LA CUESTA (SEVILLA). PASAJE HISPALIS S/N, BLOQUE C3, PLANTA 4ª, PUERTA 1. SUPERFICIE ÚLTIL 68,43 m2.","PASAJE HISPALIS S/N BLOQUE C3, 4ª, 1",41950,CASTILLEJA DE LA CUESTA,Sevilla,189,1
"FINCA URBANA.- Edificio sito en Carretera de Cádiz, Km. 173,5 Hotel Santa Marta, CP29688, El Paraiso, Estepona (Málaga) destinado a Hotel-Apartamentos llamados “Hotel-apartamentos Santa Marta” , EN CONSTRUCCIÓN ubicado sobre la suerte de tierra sita en el término municipal de Estepona y procedente de las parcelas conocidas con el nombre de Vega Nueva, en el partido de Cortes. Con una extensión superficial de diciocho mil novecientos noventa y nueve centiáreas.","Carretera de Cadiz, KM 173,5 EL PARAISO, ESTEPONA",29688,ESTEPONA,Málaga,193,1
"URBANA.- PLANTA BAJA, del edificio sito en Nules Calle Alfondeguilla 22 con acceso independiente. *FR. Nº 41858 inscrita en el RP de Nules nº 3 al tomo 1872 libro 471 folio 3 inscripción 8ª",Calle Alfondeguilla 22,12520,NULES,Castellón/Castelló,194,8
"URBANA: CASA CON COBERTIZO, TODO ELLO DE PLANTA BAJA, EN OTERUELO DE LA VALDONCINA, AYUNTAMIENTO DE LEÓN, EN LA CALLE PRINCIPAL Nº 56. EL SOLAR SOBRE EL QUE SE ECUENTRA LA EDIFICACIÓN TIENE UNA EXTENSIÓN SUPERFICIAL DE 357,00 M2, DE LOS QUE LA PLANTA BAJA DE LA EDIFICACIÓN OCUPA UNA SUPERFICIE DE 132,00 M2, QUEDANDO EL RESTO, ESTO 225,00 M2 DESTINADOS A PATIO. EL EDIFICIO CONSTA DE DOS CONSTRUCCIONES DE PLANTA BAJA, UNA DESTINADA A VIVIENDA DE 100,00 M2 Y UNA PEQUEÑA EDIFICACIÓN O COBERTIZO DESTINADA A ALMACÉN DE 32,00 M2.","CALLE PRINCIPAL Nº 56, BAJO",24009,OTERUELO DE LA VALDONCINA,León,196,5
"VIVIENDA URBANA, SITA EN CAMINO DE HUERTA DE LOS MOROS, 5, A, VALLADOLID",3416DO500UM51F0001LU,0,47009,VALLADOLID,197,5
"Finca urbana vivienda sita en C/ LUGO 161 3º A, inscrita en el Registro de la Propiedad 5 de Zaragoza, al tomo 4427 libro 294 folio 58 finca 16856",C/LUGO 161 3ºA,50007,ZARAGOZA,Zaragoza,199,2
Vivienda unifamiliar aislada,3605703VK3830F0002RP,0,28023,Madrid,205,11
"DATOS REGISTRALES: 1. URBANA. 318. VIVIENDA en planta quinta puerta segunda de la escalera única del bloque denominado Torre con acceso a la calle Galicia nº 2 del edificio residencial sito en Castellar del Vallés, con fachadas a las calles Tarragona, Galicia, Portugal y Suiza. INSCRIPCION en el Registro de la Propiedad nº 4 de Sabadell, tomo 3680, libro 365, folio 73, finca 16536.","C. Galicia Nº.2 , 5º 2ª Bloque Torre",8211,Castellar del Vallès,Barcelona,213,7
"100% del dominio de la finca nº2361 perteneciente a la sociedad de gananciales de DON JOSE JAVIER NÚÑEZ CENCERRADO con su esposa DOÑA MARTA SOTO GARCÍA inscrita en el Registro de la Propiedad Nº 2 de Sagunto, en el tomo 2334, libro 29 al folio 108. Sito en calle Ronda S/N en Quart de les Valls (Valencia).",calle Ronda S/N en Quart de les Valls (Valencia).,46515,Quart de les Valls,Valencia/València,216,8
"VIVIENDA TIPO C EN PLANTA BAJA DEL BLOQUE DENOMINADO 2 SOBRE EL SOLAR NUMERO 3 DE UN COMPLEJO INMOBILIARIO SITO ENTRE LAS CALLES JOAQUIN TURINA Y FEDERICO CHUECA, LA AV. PEDRO MUÑOS SECA DE ROQUETAS DE MAR",CALLE JOAQUIN TURINA 2 BJ.,4720,AGUADULCE.ROQUETAS DE MAR,Almeria,218,1
"Vivienda sita en Avenida Inmaculada Concepción Nº 117 de Benalmádena, finca Nº 31.511 del registro de la propiedad Nº 2 de Benalmadena",AVENIDA INMACULADA CONCEPCION Nº 117,29631,BENALMADENA,Málaga,223,1
"FINCA REGISTRAL nº 41826, inscrita en el Registro de la Propiedad de Tortosa, al tomo 3901, libro 979, folio 81. Urbana: número treinta y siete.- vivienda ubicada en la planta baja de edificio en Tortosa, partida San Lazaro, denomidada ""Paisos Catalans"", calle Barcelona, 119, con fachadas a paisos Catalans, mediante calle, por el Sur, calle Barcelona por el Oeste y Calles sin nombre por el Norte y Este; sin distribución interior, con acceso por el portal C iniciado en el Este del edificio, en la calle sin nombre, se denomina vivienda planta baja, puerta tercera escalera C, distribuida en recibidor, pasos, cocina con lavadero, comedor-estar, cuarto de baño, cuarto de aseo, cuatro dormitorios y terraza; tiene una superficie construida de ciento un metros y cincuenta y tres decimetros cuadrados y útil de ochenta y un metros y noventa y tres decimetros.","C/ BARCELONA119, ESC C BJ3",43500,TORTOSA,Tarragona,227,7
"Vivienda situada en Real de la Jara (Sevilla), en calle Real núm. 10. Tiene una superficie de solar de doscientos cincuenta y cinco metros cuadrados.",CALLE REAL 10,41250,EL REAL DE LA JARA,Sevilla,228,1
"DIECISIETE DE PROPIEDAD HORIZONTA.- VIVIENDA sita en la tercera planta alta del edificio en Algemesi, calle Catedratico Mercer, cuatro, seis y ocho; con acceso por el portal II; puerta seis de dicha escalera; de superficie útil sesenta y siete metros y cincuenta y cinco decímetros cuadrados; compuesta de vestíbulo, cuatro dormitorios, comedor, cocina, aseo y galeria; y linda, frente, la calle Catredratico Mercer; izquierda entrando, vivienda puerta cinco de la escalera III; derecha, vivienda puerta cinco de la escalera II, en parte escalera y patio de luces; y fondo, patio de luces. Finca 20608 inscrita en el Registro de la Propiedad de Algemesí, al Tomo: 1.766, Libro: 526, Folio 195, Finca 20.608. Inscripción 6ª, transmitida por la 7ª. REFERENCIA CATASTRAL: 1913403YJ2411S0018ES",C/ CATEDRATICO MERCER Nº 6-3º-6ª,46680,ALGEMESI,Valencia/València,231,8
"FINCA EJECUTADA SOBRE LA QUE SE SOLICITADA SUBASTA: Finca Registral número 5127 sita en Terrer: inscrita en el Registro de la Propiedad de Calatayud, al Tomo 1779, Libro 74, folio 41 inscripción 4, a nombre de los ejecutados IBOLYKA NICHIFOR y MIRCEA NICHIFOR. Vivienda unifamiliar número 3, sita en el edificio u ordenación número 1, paraje BAJO LOS HUERTOS colindante al sur con Carretera Nacional II. La superficie construida total es de 135,4 metros cuadrados. Cuota 11,11 enteros por ciento. IDUFIR: 50005000787550",BAJO LOS HUERTOS,50293,TERRER,Zaragoza,232,2
"FINCA REGISTRAL Nº 25873 DE VITORIA. URBANA. VIVIENDA LETRA A EXTERIOR IZQUIERDA DEL PISO SEGUNDO Y TRASTERO NUMERO CINCO DE LA PLANTA BAJA, DE LA CASA SITA EN LA JURISDICCION DE ARETXABALETA, AYUNTAMIENTO DE VITORIA-GASTEIZ, BARRIO DE SAN MIGUEL NÚMERO VEINTIOCHO. SUPERFICIE UTIL APROXIMADA DE CUARENTA METROS CUADRADOS.",BARRIO SAN MIGUEL 28 2º A EXTERIOR IZQUIERDA,1194,VITORIA-GASTEIZ,Araba/Álava,236,13
"FINCA REGISTRAL Nº 28.239 DESCRIPCION: SIETE. VIVIENDA UNIFAMILIAR PAREADA NUMERO SIETE, que es la tercera mirando el grupo de viviendas desde al izquierdade la Calle Camino de Ferrándiz y, con acceso independiente desde dicha calle. REGISTRO DE LA PROPIEDAD Nº5 DE ALICANTE, inscrita al folio 163, tomo 2567, libro 458 inscripción 1ª. SITUACIÓN:CAMINO DE FERRANDIZ (MUTXAMEL)ALICANTE.",CAMINO DE FERRANDIZ,3110,MUTXAMEL,Alicante/Alacant,238,8
"UN TERRENO EN TERMINO DE JAVEA, PARTIDA ADSUBIA, CON UNA SUPERFICIE DE DOS MIL DOSCIENTOS VEINTIÚN METROS CUADRADOS. EN SU INTERIOR EXISTE UNA VIVIENDA UNIFAMILIAR AISLADA DESARROLLADA EN DOS PLANTAS DISTRIBUIDAS CON UNA SUPERFICIE CONSTRUIDA TOTAL DE 215 METROS CUADRADOS","CALLE PIETER RUBENS 7, PARTIDA DE ABSUBIA",3730,JAVEA,Alicante/Alacant,242,8
"FINCA URBANA. PISO SEGUNDO, PUERTA SEGUNDA, C/ INMACULADA 3-5 DE MOLLET DEL VALLÈS","C/ INMACULADA 3-5, 2º,2ª",8100,MOLLET DEL VALLES,Barcelona,245,7
"URBANA.- CASA sita en el casco urbano de La Seca (Valladolid), en la C/ Parchel, nº 36. Consta de varias habitaciones y servicios.",CALLE PARCHEL 36,47400,LA SECA,Valladolid,247,5
"FINCA URBANA, CALLA SANT ANTONI MARIA CLARET, 8.",Calle Antoni Maria Claret 8,8510,RODA DE TER,Barcelona,251,7
"Finca nº 42.104, inscrita en el Registro de la Propiedad de Valdemoro, consistente en vivienda, trastero y plaza de garaje sita en AVENIDA DE ESPAÑA Nº 73, 4º C.","AVENIDA DE ESPAÑA Nº 73, 4ºC",28341,VALDEMORO,Madrid,253,11
"ELEMENTO NUMERO CUATRO. Vivienda D sita en la planta primera de un edificio en Prado del Rey, en su calle Cruz, a la que le corresponde el número veintinueve de gobierno",CALLE CRUZ Nº. 29,11660,PRADO DEL REY,Cádiz,256,1
"Casa urbana, sita en C/ Marques de Santillana, nº 4 de Huelma","C/ MArques de Santillana, nº 4",23560,Huelma,Jaén,259,1
"URBANA. UNA CASA DE HABITACIÓN COMPUESTA DE PB Y UN HUERTO EN SU PARTE TRASERA. 80 M2 LA PARTE EDIFICADA Y 85 M2 EL HUERTO. SITA EN VILLA DE BUNYOL, CALLE SAN LUIS Nº 27.",CALLE SAN LUIS Nº 27,46360,BUÑOL,Valencia/València,260,8
"2.- La casa en término municipal de Calahorra de Boedo (Palencia) con frente a la C/Orán, donde está señalada con el nº2, edificada sobre un solar de superficie 367 metros cuadrados de los cuales la edificación ocupa 132 metros cuadrados y de estos 02 metros son de vivienda y 30 metros cuadrados de almacén, estando el resto del solar no edificado dedicado a patio con referencia catastral nº6346806UN8164N001SA. Se valora la totalidad de la finca según certificado de tasación elaborado por el perito D. José Castrillo Marcos y que obra en autos, en la cantidad de 13.126 euros correspondiendo, por tanto, a la herencia de D. Eutimio Muñoz, la mitad de este valor, esto es 6.563 euros.",C/Orán,34407,CALAHORRA DE BOEDO,Palencia,263,5
"URBANA: ENTIDAD NÚMERO CUATRO.- VIVIENDA de la PLANTA PRIMERA del edificio de viviendas colectivas, sito en Ponferrada, en la calle San Sebastián números 2 y 4, señalada con la letra D, que tiene una superficie útil de noventa metros cuadrados, distribuida en vestíbulo distribuidor, cocina con balcón tendedero a la calle Islas Baleares, tres dormitorios, cuarto de baño y salón comedor. Linda: Frente, calle San Sebastián, y vista desde ésta; Derecha, calle Islas Baleares; Izquierda, vivienda unifamiliar número tres; Fondo, rellano, patio de escaleras y vivienda de esta planta y portal señalada con la letra E. ANEJOS: Tiene como anejos vinculados a esta vivienda : a) El local trastero situado en la planta bajo cubierta de esta mismo portal, número 4, señalado con las letras 1ºD, que tiene una superficie útil de diez metros setenta y siete decímetros cuadrados y una superficie con parte proporcional de las zonas comunes de trece metros cincuenta decímetros cuadrados; b) El local o plaza de garaje sita en la planta de semisótano en la parte del bloque destinada a edificio de viviendas múltiple, señalado con el número 4, que tiene una superficie útil de nueve metros noventa decímetros cuadrados y una superficie con la parte proporcional de las zonas comunes de veinticuatro metros treinta decímetros cuadrados. CUOTA: Se le asigna una cuota en el valor total del edificio, elementos comunes y gastos, de trece enteros por ciento (13,00%).","CALLE SAN SEBASTIAN Nº 2 Y 4 , 1º-D",24403,PONFERRADA,León,265,5
FINCA 4110 DE PALAFOLLS VIVIENDA UNIFAMILIAR AISLADA DENTRO DEL PARAJE DENOMINADO CIUDAD JARDÍ DE SAN GENÍS DE PALAFOLLS PARCELA 641.,CALLE DELS PINS,8389,PALAFOLLS,Barcelona,268,7
"VIVIENDA EN CAMÍ DOS PONTETS, 19-3º-9 DE SUECA. FINCA Nº 42969",CAMI DOS PONTETS 19-3º-9,46410,SUECA,Valencia/València,272,8
"Urbana Cinco. Vivienda izquierda desde la calle en planta primera, tipo A), distribuida en cocina comedor, dos dormitorios, aseo, despensa y vestíbulo, con una superficie util de sesenta y dos metros un decímetro cuadrado, aproximadamente. Linda, visto desde la calle Fuente de la Plata, al frente, con antojana de este inmueble al que tiene luces y vistas, y ésta a su vez con dicha calle y caja de escalera; derecha con caja de escaleras y portal del inmueble, y vivienda derecha en esta planta; izquierda, con finca de D. Francisco Garcia Cofiño; y fondo, con caja de escalera y patio del inmueble al que tiene luces y vistas. Le es anejo un trastero situado en planta de semisótano señalado con el número cuatro.","CALLE FUENTE DE LA PLATA 11, 1ºA",33013,OVIEDO,Asturias,273,3
FINCA 14.592 REGISTRO DE LA PROPIEDAD Nº 20 DE MADRID,"CALLE PUERTO DEL BRUCH, Nº 5, PISO 3º CENTRO IZQUIERDA",28031,MADRID,Madrid,274,11
DATOS REGISTRALES: FINCA REGISTRAL Nº 10421 INSCRITA EN EL REGISTRO DE LA PROPIEDAD DE LLORET DE MAR NÚM. 1,"AV. FENALS, 16-18 ESC.A 2º 5ª",17310,LLORET DE MAR,Girona,277,7
antes indicado,Avda. dels Borrons nº 14-2-6,46770,Xeraco,Valencia/València,279,8
"URNANA:Cueva de la calle Cantareria,35 de Benalúa de Guadix,consta de nueve habitaciones y corral.tiene dos puertas de entrad,una en la fachada principal y otra en el fondo,con dos placetas,una en cada una de las puertas.De superificie total incluidas las dos placetas tiene 290 metros cuadrados.Linda,derecha entrando,Juliana Sánchez López;izquierda,José Hernández Sierra;fondo,cerro de su construcción;frente,barranco por donde tiene su entrada principal.",CALLE CANTAREIRA 35,18510,BENALUA,Granada,281,1
"FINCA REGISTRAL Nº 57974. VIVIENDA SEÑALADA CON EL NUMERO VEINTIUNO, EN EL CONJUNTO RESIDENCIAL ""BELEN BEACH"" EN EL TERMINO MUNICIPAL DE ESTEPONA (MÁLAGA). CUENTA CON DOS PLAZAS DE GARAJE MARCADAS CON LOS NUMEROS DIECIOCHO Y DIECENUEVE Y UN TRASTERO SEÑALADO CON EL NUMERO DIECISIETE.",NO CONSTA,0,29680,ESTEPONA,284,1
"100,00% de Propiedad plena de RUSTICA. VIVIENDA UNIFAMILIAR de planta baja solamente, sita en el término de Busot, partida de Bonalba, número nueve, que mide una superficie construida de CIENTO UN METROS, CUATRO DECIMETROS CUADRADOS, y útil de OCHENTA METROS, NOVENTA Y CINCO DECIMETROS CUADRADOS en vivienda, y CIENTO SIETE METROS, SESENTA Y OCHO DECIMETROS CUADRADOS útiles, incluyendo la terraza. Linda por todos sus aires con el terreno de la parcela en que se ubica que mide una superficie de ONCE AREAS, CUARENTA CENTIAREAS, y ésta linda: Norte, Vicente Antón Marín; Sur, José Moratón Torrecillas; Este, Francisco Martínez Carratalá; y Oeste, camino. Inscripción al tomo 814, libro 41, folio 131FINCA DE BUSOT Nº: 3316, REGISTRO DE LA PROPIEDAD DE JIJONA.",UR BONALBA-LLIBERTAT 5,3111,BUSOT,Alicante/Alacant,285,8
"100,00% de Nuda propiedad de URBANA.- NUMERO CINCUENTA Y NUEVE. Vivienda en la cuarta planta alta derecha mirando a su fachada desde la calle Ángel del Alcazar de Toledo, con acceso a través del zaguán señalado con el número veintiuno de dicha calle; del bloque I del edificio o grupo hoy denominado ""San Evaristo"" situado en esta ciudad de Alicante, partida de los Ángeles, punto denominado Pla del Bon Repós. Es de tipo B. Tiene una superficie útil de cuarenta y seis metros y seis decímetros cuadrados. Consta de vestíbulo, pasillo, comedor-estar, tres dormitorios, cocina, aseo y galería. Linda. Al frente con rellano de escalera y vivienda izquierda de esta planta, por la derecha desde tal frente, con calle de su situación; izquierda, con patio de luces y vivienda izquierda de esta planta con acceso por el portal número veintidós de la calle Batalla Tajuña; y al fondo, con vivienda izquierda de esta planta con acceso por el número veintisiete de esta misma calle. Se le asigna una cuota de participación en el valor total del bloque y sus elementos comunes de cero enteros seiscientas sesenta y cinco milésimas por ciento. Referencia catastral: 9801603YH1590B0010QR. Inscrita en el Registro de la Propiedad número Ocho de Alicante, en el tomo 2565, libro 1637, folio 124, finca registral 83737.",9801603YH1590B0010QR,0,03014,ALACANT/ALICANTE,286,8
FINCA URBANA NÚMERO 29718 INSCRITA EN EL RP 1 MANRESA,"TAHONAS, 1, 4o",8241,MANRESA,Barcelona,287,7
FINCA URBANA,1175802CF4517E0011AP,0,43205,REUS,290,7
"VIVIENDA, señalada con la letra B, tipo segundo, del piso cuarto, a la derecha subiendo por la escalera de la izquierda del portal de la casa NÚMERO CUATRO de la calle Avila, hoy CALLE AAIÚN, de Valladolid",6508703UM5160H0038QR,0,47013,VALLADOLID,293,5
"FINCA 17.769, Inscrita en el Registro de la Propiedad nº 3 de Tarragona, al tomo 1898, folio 123, libro 239, Inscripción 8ª. Calle Josep i Roque número 3, Bl. 1, Esc. B, 2º 3ª; de Torreforta ( Tarragona)",CALLE JOSEP I ROQUE,43006,TORREFORTA,Tarragona,294,7
Casa en el Viso del Alcor.,"MANZANA C DE LA TABLADA BAJA, Nº 27",41520,EL VISO DEL ALCOR,Sevilla,300,1
"2,50% de la nuda propiedad de la finca descrito en el edicto que se adjunta vivienda descrita en el edicto que se adjunta",calle alvar nuñez 17,11406,jerez,Cádiz,305,1
FINCA 23794 REGISTRO DE LA PROPIEDAD Nº 17 DE MADRID,CALLE PORTAL Nº4,28037,MADRID,Madrid,307,11
"URBANA , SIETE PISO SEGUNDO LETRA C, DEL PORTAL NUMERO UNO DEL EDIFICIO SITO EN PINTO (MADRID) CALLE AMADEO I, CN VUELTA A LA CALLE DARRO, SEÑALADO POR LA PRIMERA DE ELLAS CON LOS NUMEROS UNO Y TRES, CORRESONDIENTES AL NDICADO PORTAL UNO Y TRES ACTUAL DE LA CALLE AMADEO I, HOY NUMERO 5. consta de hall, cuarto de estar-comedor, tres dormitorios, baño, cocina y terraza y tendedero .Mide noventa y seis metros cincuenta y ocho decimetros cuadrados","CALLE AMADEO I, Nº5",28320,PINTO,Madrid,311,11
"URBANA: SOLAR procedente en su origen de la finca conocida como ¿Cortijo de la Lira¿, partido de Cupiana y Campanillas, de Málaga, hoy C/ Cayetano Bolivar, Nº1.- Tiene una superficie, que coincide con la superficie catastral, de 182 metros cuadrados, y linda, al frente con calle Cayetano Bolivar, por donde tiene su entrada; derecha entrando, casa número 3 de la misma calle, izquierda, calle Samuel; y fondo, casa número sesenta y siete de calle Samuel.- Dicho solar, contiene dentro de su perímetro y adosada a los linderos derecha entrando y fondo, la siguiente edificación: VIVIENDA UNIFAMILIAR aislada con una superficie construida de 285,76 metros cuadrados, distribuida en tres plantas.- La planta baja tiene una extensión superficial de 131,50 metros cuadrados y está distribuida en recibidor, sala de estar, salón principal, cocina, despensa, baño, lavadero, y garaje, y además cuenta con patio, porche y espacio exterior.- La planta primera tiene una extensión superficial de 132, 46 metros cuadrados y está distribuida en distribuidores principal y secundario, suite, tres dormitorios, baño principal, baño común y trastero y además cuenta con terraza y balcón.- La planta segunda tiene una extensión superficial de 21,80 metros cuadrados y está compuesta por barbacoa y terraza.- El edificio ocupa 131,50 metros cuadrados en el solar de emplazamiento.- El resto del solar lo constituye una zona de desahogo o pasillo que ocupa los linderos con fachada a ambas calles.-",C/ Cayetano Bolivar Nº1,29591,Málaga,Málaga,312,1
"URBANA.- Número 26. Vivienda letra D, en planta primera, de la casa en esta ciudad, en la C/ Caamaño nº 59, con acceso por la escalera primera del portal de la Calle Caamaño, compuesta de varias habitaciones y servicios. Ocupa la superficie construida de 88 metros y 22 decímetros cuadrados",CALLE CAAMAÑO Nº 59 1º D,47013,VALLADOLID,Valladolid,315,5
"FINCA REGISTRAL 47.684 INSCRIPCIÓN 7ª DEL REGISTRO DE LA PROPIEDAD DE LINARES. TOMO 1.334, LIBRO 1.332, FOLIO 147",C/. ZAFIRO 2,23700,LINARES,Jaén,317,1
"Finca nº 397, trasladada de la finca nº 77007. Inscrita en el Registro de la Propiedad nº 53 de Madrid. Inscripción 6ª de hipoteca y ampliada y modificada por la 8ª, y transmitida por la inscripción 1ª de la nueva numeración de la finca, y de nuevo transmitida por la inscripción 2ª, a favor de Caixabank S.A. Plaza Setubal nº19, planta 3, Pta. Izq",8709916VK3780H0008QE,0,28025,MADRID,322,11
"FINCA REGISTRAL Nº 13900 DESCRIPCION: URBANA: CONSTRUCCION TIPO BUNGALOW , COMPUESTO DE PLANTA SOTANO, PLANTA BAJA Y PLANTA ALTA SITO EN CALLE FAISAN Nº7, V. KLARA FRANZEN, 29640 FUENGIROLA. REGISTRO DE LA PROPIEDAD Nº 2 DE FUENGIROLA, inscrita al folio 62, tomo 1757, libro 1127. SITUACIÓN: CALLE FAISAN Nº7, 29640 FUENGIROLA.",5992117UF5459S0001ST,0,29640,FUENGIROLA,324,1
calle Magnolias 198 3º 4º de Sabadell,calle Magnolias 198 3º 4,8207,Sabadell,Barcelona,325,7
"LOTE ÚNICO: FINCA REGISTRAL Nº 18977/B INSCRITA EN EL REGISTRO DE LA PROPIEDAD Nº 6 DE MÁLAGA, (Hipoteca que causó la Inscripción 2ª, modificado por la inscripción 3ª y transmitida por la inscripción 5ª). DESCRIPCIÓN FINCA: URBANA: FINCA NÚMERO DIEZ- VIVIENDA TIPO CUATRO, situada en la planta primera del edificio situada en Málaga, en calle Nicolás Salmerón, número cuarenta y seis, Bailén-Miraflores, C.P 29006. Tiene su acceso a través de ascensor y escaleras que comunican con los niveles inferiores y superiores. Mide una superficie construida de sesenta metros con siete decímetros cuadrados. FINCA REGISTRAL Nº 18977/B inscrita en el REGISTRO DE LA PROPIEDAD Nº 6 DE MÁLAGA, Tomo 2757, Libro 973, Folio 69, Inscripción 1º. IDUFIR: 29024000889361 VIVIENDA HABITUAL: NO Tipo de subasta, conforme al art. 637 LEC: 128.800,00.-€",29024000889361,0,29006,MÁLAGA,326,1
"Vivienda sita en calle Medina Azahara Nº 12 escalera 4, 1ºB de Benalmádena, finca Nº 1.347",CALLE MEDINA AZAHARA Nº 12 ESCALERA 4 1ºB,29631,BENALMADENA,Málaga,328,1
"FINCA URBANA Nº DOS PISO NUMERO UNO.- VIVIENDA, en la planta primera en altura del edificio número 33 de la calle Agua, tipo único, con superficie construida de ciento dos metros y siete decímetros cuadrados.- Se distribuye en vestíbulo, pasillo, estar-comedor, tres dormitorios, cocina con despensa, cuarto de baño completo, terraza y balcón.- Linda, según se mira a la fachada desde la calle; derecha, casa de Dolores Rusillo Bautista, izquierda, caja de escalera y patio de luces, fondo, lo mismo y finca de Miguel Soriano Rusillo, y al frente, con calle de su situación y caja de escaleras.",CALLE AGUA Nº 33,23710,BAILEN,Jaén,330,1
en el edicto,Calle Baja 17,25520,El Pont de Suert,Lleida,331,7
"Finca 9788. Inscrita en el Registro de la Propiedad nº 30 de Madrid, Tomo 1935, libro 255, folio 28, finca registral nº 9788, INSCRIPCIÓN 4ª por escritura autorizada ante el Notario D. Fco Javier Pérez de Camino Palacios, de fecha 11 de Mayo de 2007","CALLE EMILIO FERRARI Nº65, 3º IZQ",28017,MADRID,Madrid,332,11
"URBANA.- NUMERO CIENTO CUARENTA Y OCHO.- VIVIENDA LETRA C, DE LA PLANTA TERCERA, DEL BLOQUE A-6, CON ENTREDA POR EL PORTAL 58 DE ÑA AVEMODA DE ASTURIAS, DEL EDIFICIO FORMADO POR TRES BLOQUES DENOMINADOS A-8, A-7 Y A-6. Comprende una superficie construida aproximadamente de ciento seis metros sesenta decímetros cuadrados, y útil de setenta y dos metros setenta y un decímetros cuadrados. Consta de varias dependencias. LINDA: frente entrando, vivienda letra B, de igual planta y portal, rellano y hueco de escaleras; derecha entrando, vuelos sobre la Avenida de Asturias; izquierda, vuelos sobre el patio de luces del edificio; fondo, vivienda letra A, de igual planta de la finca 56 de la Avenida de Asturias. CUOTA: en el total del portal, de 6,69% y en el conjunto de la edificación, de 0,40%, y en el total del bloque, de 1,50%. INSCRIPCIÓN: En el Registro de la Propiedad nº 34 de Madrid, al tomo 963, libro 131, folio 203, finca nº 9358. Hipoteca que se ejecuta causó la inscripción 4ª.","Avenida de Asturias nº 58, Bloque A-6, 3º C, Madrid.",28029,MADRID,Madrid,334,11
ADJUNTA,CALLE PAULS 5,43528,ALFARA DE CARLES,Tarragona,336,7
"FINCA REGISTRAL Nº 4013, INSCRITA EN EL REGISTRO DE LA PROPIEDAD Nº 3 DE BADAJOZ. VIVIENDA PISO SITA EN LA AVENIDA DE CRISTOBAL COLON, Nº 11, 3º.","AVENIDA DE CRISTOBAL COLON, Nº 11., 3º",6005,BADAJOZ,Badajoz,337,9
"vivienda tipo C señalada con el numero 60, sita en la calle de la Perdiz, en el poblado de Bernuy, termino municipal de Malpica del Tajo ( Toledo), construida en una sola planta que linda, derecha entrando, vivienda B-61, izquierda , vivienda 17-59, fondo vivienda C-57 Y frente calle de la Perdiz",calle la Perdiz,45692,malpica de Tajo,Toledo,338,6
"100,00% de Propiedad plena de FINCA DE RODA (LA) N_: 30702 CRU: 02007000727782 Tomo: 1782 Libro: 391 Folio: 112 Inscripción: 5 Focha: 26/02/2019 DATOS DE LA FINCA URBANA: Vivienda (VPO: SI): TIPO B Número de la Propiedad Horizontal 6. Situada en RODA (LA) en CALLE TOMAS LÓPEZ don el número 8, planta BAJA, puerta IZ y una superficie útil de ochenta y cinco metros, noventa y ocho decímetros cuadrados . linderos: frente, PASILLO DE DISTRIBUCIÓN,PATIO DE LUCES; fondo, CALLE TOMAS LÓPEZ; derecha, VIVIENDA TIPO A DE ESTA PLANTA Y PATIO DE LUCES; izquierda, PATIO DE LUCES Y LOCAL DESTINADO A OFICINAS . CUOTA: seis enteros, noventa y nueve centésimas por ciento. REFERENCIA CATASTRAL:2403320WJ7420S0006GQ. LE CORRESPONDEN COMO ANEJOS: 1) EL CUARTO TRASTERO N_ 9, UBICADO EN LA PLANTA SEMISOTANO QUE TIENE UNA SUPERFICIE ÚTIL DE 4,55M2 Y LA PLAZA DE GARAJE N_ 8 UBICADA EN PLANTA SEMISOTANO, QUE TIENE UNA SUPERFICIE ÚTIL DE 29,87M2. Conforme a lo dispuesto en el Real Decreto 1/2002, de 11 de Enero, sobre medidas de financiación de actuaciones protegidas en materia de vivienda y suelo del Plan 2002-2005, reformado por el Real Decreto 1721/2004, de 23 de Julio se establece el siguiente régimen de limitaciones: Los adquirentes, adjudicatarios y promotores individuales, para uso propio, no podrán transmitir intervivos ni ceder el uso por ningún titulo de las viviendas para las que hubieran obtenido préstamo cualificado, durante el plazo de DIEZ AÑOS desde la formalización de dicho préstamo.",CL TOMAS LOPEZ 8,2630,RODA (LA),Albacete,342,6
"PISO 5º A CALLE DOCTOR MORENO,",5199703UM5059G0048WI,0,47008,Valladolid,345,5
"50% del pleno dominio con carácter privativo de la vivienda piso sin anejos. En Chelva, Avenida Valencia s/n, Patio H, Planta: 3, Puerta: 5. Edificio Silva.","AVDA VALENCIA, S/N, PATIO H,PLANTA 3, PUERTA 5. EDIFICIO SILVA.",46176,CHELVA,Valencia/València,347,8
"Descripción: CRU: 46046000259408. URBANA. NÚMERO 8. VIVIENDA UNIFAMILIAR Nº8, sita en la parcela 59, que forma el colectivo A-I, del plano de adjudicaciones, sito en Sagunto, partida de Monteiver Almardá, integrada en la Unidad de actuación D-2, del plan parcial de la Playa de Almardá. Tiene su entrada desde la avenida de la montaña, a través del acceso central. La superficie de la parcela es de ciento noventa y nueve metros y setenta y dos decímetros cuadrados, de los que ciento un metro y nueve decímetros cuadrados están destinados a jardín. La vivienda unifamiliar consta de planta baja y alta, esta última con una zona abuhardillada. La planta baja, integrada por dos terrazas cubiertas, cocina, aseo, salón comedor y garaje, y una planta superior, con dos dormitorios, dos terrazas descubiertas y baño, y además una zona abuhardillada. Superficie útil con inclusión del garaje, terrazas cubiertas y descubiertas es de ciento treinta y cinco metros cuadrados y siete decímetros cuadrados.",calle Tíber num8,46500,sagunto,Valencia/València,349,8
"se subasta el pleno dominio sobre la vivienda en parla numero noventa y seis. Calle osa mayor si número hoy seis bloque 4 portal 2. vivienda primero puerta B, finca 35510 VPO",CALLE OSA MAYOR 6,28981,PARLA,Madrid,351,11
"Solar en la Calle Corromolino nº 6 en la localidad de Matilla de los Caños (Valladolid). Mide 150 m2. Linda: derecha entrando, C/ Del Caño; izquierda y fondo, Valentín Ortiz; frente, calle de situación.",CALLE CORROMOLINO Nº 6,47114,MATILLA DE LOS CAÑOS,Valladolid,362,5
"Parcela en término municipal de Chiva, partida Aldamar, Urbanización Carambolo Avenida Valencia 178",AVENIDA VALENCIA 178 URB. CARAMBOLO,46370,CHIVA,Valencia/València,363,8
"URBANA. TÉRMINO MUNICIPAL DEMADRID. PISO BAJO INTERIOR, SITUADO EN LA PLANTA BAJA, PRIMERA DE CONSTRUCCIÓN, DE LA CASA EN LA CALLE MEDIODIA CHICA, NUMERO 6. Consta de varios compartimentos y servicios. SUPERFICIE: Tiene una superficie aproximada de treinta y cuatro metros y treinta y seis decímetros cuadrados (34,36 mº). LINDA: al frente, por donde tiene su entrada, con portal, patio y vivienda exterior izquierda de su misma planta; a la derecha, entrando, con finca número 4 de su misma calle; a la izquierda, con la finca número 8 de su misma calle; y al fondo, con la finca número 3 de la calle Águila. Es la entidad número 3 de la propiedad horizontal de la que forma parte. CUOTA: Tiene un coeficiente del 6,8735 por ciento, con respecto a la comunidad de propietarios de la que forma parte.”",CALLE MEDIODIA CHICA Nº6 BAJO INTERIOR MADRID,28005,MADRID,Madrid,364,11
"VIVIENDA EN URB. NUEVA ANDALUJCÍA, ALOHA MARBELLA, EDIFICIO NEGURI, APARTAMENTO Nº 202. MARBELLA.",29041000198644,0,29660,MARBELLA,365,1
"INSCRIPCION: FINCA REGISTRAL Nº 45226 DEL REGISTRO DE LA PROPIEDAD Nº 17 DE MADRID, TOMO 1804, LIBRO 818, FOLIO173 INSCRIPCION 6ª DE HIPOTECA DESCRIPCION: VIVIENDA SITA EN CALLE VIRGEN DE LA OLIVA 61, 7º B DE MADRID REF CATASTRAL: 7060523VK4776A0018YA",7060523VK4776A0018YA,0,28037,MADRID,371,11
"CASA nº 8 del conjunto de edificación, denominado Gardenias 3, sito en Urbanización Parque del Cubillas término de Albolote (GRANADA).",C/ SALVIA Nº 10 - URBANIZACION PARQUE DLE CUBILLAS,18220,ALBOLOTE,Granada,378,1
SEGUN PDF,C/ DE LOS ARENALES DEL MAR 25,17256,PALS,Girona,382,7
en el edicto,Urb Pla de l'Ermita 1ª 1º-2ª escalera I,25528,Taüll,Lleida,383,7
"URBANA. PISO CUARTO LETRA E, DE LA ESCALERA A DE LA IZQUIERDA ENTRANDO.VIVIENDA TIPO C, EN LA CUARTA PLANTA ALTA, DEL EDIFICIO SITO EN GRANADA, PLAZA DIEGO DE SILOE, 7","PLAZA DIEGO DE SILOE, 7",18007,GRANADA,Granada,388,1
"VIVIENDA IZQUIERDA EN PISO TERCERO, DE SETENTA METROS CUADRADO DE SUPERFICIE. CARECE DE ANEJOS Y LE CORRESPONDE UNA CUOTA DE PARTICIPACION DE 10,5 % EN LOS ELEMENTOS, PERTENENECIAS Y SERVICIOS COMUNES. FORMA PARTE DE LA CASA SEÑALADA CON EL Nº 63 DE LA C/ ARTABIDE DE ONDARROA.","C/ ARTABIDE Nº 63, 3º C",48700,ONDARROA,Bizkaia,390,13
"C/ HUELVA 55, PARCELA 206, DE MIAMI PLATJA (TARRAGONA)","C/ HUELVA 55, PARCELA 206, DE MIAMI PLATJA (TARRAGONA)",43892,MIAMI PLAYA,Tarragona,392,7
"URBANA NUMERO TREINTA Y NUEVE VIVIENDA NUMERO CUATRO EN PLANTA BAJA DEL EDIFICIO SITO EN PARLA ( MADRID) ENLA CALLE HUMANES CON VUELTA A LA DE GALILEA, HOY CALLE HUMANES Nº64. TIENE UNA SUPERFICIE CONSTRUIDA DE NOVENTA Y TRES METROS CUATROCIENTOS CENTIMETROS CUADRADOS, SIENDO LA UTIL DE SESENTA Y SEIS METROS TREINTA DECIMETROS CUADRADOS. consta de vestibulo, mas pasillo armario, salon comedor, cocina, tendedero, dormitorio principal con armarios, dormitorios con armarios y cuarto de baño. LE corresponde como anejo trastero numero cuatro, con una superficie util de 4 metros noventa decimetros cuadrados.",calle humanes nº64,28981,parla,Madrid,400,11
"Inscrita: En el Registro de la Propiedad de San Juan de Aznalfarache, al tomo 697, libro 159, folio 116, finca 3.108. IDUFIR: 41025000067270 Referencia Catastral: 0517309QB6401N0004SB URBANA. Número cuatro. Piso número cuatro, tipo B, en planta baja, del edificio señalado con el número tres de la calle Santo Domingo de Guzmán, en Castilleja de la Cuesta, con fachada a la calle de su situación por la que tiene puerta de entrada independiente. Ocupa una superficie útil de setenta y cuatro metros con ochenta decímetros cuadrados, y construida de noventa y dos metros con cuarenta decímetros, distribuidos en salón-comedor, tres dormitorios, cocina y cuarto de baño. VIVIENDA HABITUAL DEMANDADO. SE ENCUENTRA OCUPADA POR LOS DEMANDADOS Linda: Mirando a la fachada linda: por la derecha, con el piso tres de la misma planta; izquierda, con el piso número cinco de igual planta y patio de luces, y por el fondo, con casa de Diego de los Reyes",CALLE SANTO DOMINGO DE GUZMÁN,41950,CASTILLEJA DE LA CUESTA,Sevilla,403,1
"URBANA VIVIENDA UNIFAMILIAR ADOSADA , DULEX , TIPO 1 , desarrollada en tres plantas, sobre la parcela señalada con el número 7 del proyecto, incluida en la U.E. 81-B del término de Roquetas de Mar, en el pago de la Romanilla, que ocupa la totalidad del solar, de ochenta metros cuadrados. Consta de planta baja, destinada a vestíbulo de entrada, almacén y garaje con acceso independiente a la vivienda; planta primera y planta segunda alta, destinadas a vivienda,","Avenida del Perú ,parcela numero 7",4740,Roquetas de Mar,Almeria,404,1
"""URBANA: Casa radicante en la calle Enmedio Puerta de Granada, de esta Ciudad, señalada con el número cuarenta y seis, antes el ochenta y seis, formada de planta baja y piso alto, con un patio, midiendo veintisiete metros cuadrados. Linda: derecha entrando con otra de Francisco Jiménez Román; izquierda, la de Rafael Mendoza y espalda, con terrenos de los herederos de doña Rosa Carrillo Gámiz.” REFERENCIA CATASTRAL: 5042206UG9454S0001WY. Acompaño como DOCUMENTO Nº 3 consulta descriptiva y gráfica de datos catastrales de dicha finca obtenida de la sede electrónica del catastro con datos descriptivos del inmueble: CL PUERTA DE GRANADA 46 14800 PRIEGO DE CORDOBA [CÓRDOBA].","CALLE ENMEDIO PUERTA GRANADA, Nº 46",14800,PRIEGO DE CORDOBA,Córdoba,406,1
"FINCA URBANA.- Inscrita en el R. Propiedad 4 de Mataró, al tomo 3577, libro 239 de Argentona, folio 102, Finca número 7563. Inscripción 3ª y sus novaciones 5ª y 9ª",C/Margarita Abril i González 31,8310,Argentona,Barcelona,409,7
"PTDA BARRANCO DE SAN CAYETANO, 60, PLANTA BAJA CON EL Nº1","PTDA BARRANCO DE SAN CAYETANO,60, PLANTA BAJA CON EL Nº1",3330,CREVILLENTE,Alicante/Alacant,410,8
VER CERTIFICACION CARGAS,C/SAN MIGUEL 4,24198,VIRGEN DEL CAMINO,León,415,5
"Finca registral nº 12.073, inscrita en el Registro de la Propiedad de Málaga nº 2, inscrita al tomo 2213, libro 1419, folio 57, (CRU 29020000119644) con la siguiente descripción registral: Urbana – Finca nº 50 del inmueble denominado LA CASA DE LAS FLORES, sito en el el paseo de Reding, números 1 y 3, hoy 9 de Málaga, teniendo el edificio también fachada a Campos Elíseos, está situada en la planta décima del edificio, quinta en Campos Elíseos, a la izquierda entrando, hoy puerta C. Mide ochenta y dos metros cinco decímetros cuadrados. Conta de terraza de nueve metros, noventa y dos decímetros cuadrados. Valoración: 278.369 euros (doscientos setenta y ocho mil trescientos sesenta y nueve euros) Situación posesoria: Tiene el carácter de vivienda habitual","LA CASA DE LAS FLORES, sito en el el paseo de Reding, números 1 y 3, hoy 9 de Málaga",29016,MÁLAGA,Málaga,419,1
"VIVIENDA EN C/ TEMPLARIOS Nº 2 4º B DE VALLADOLID . URBANA.- PISO TIPO 1, SEÑALADO CON LA LETRA B Y CON EL NÚMERO VEINTIUNO DE ORDEN, CORRESPONDIENTE A LA PLANTA CUARTA DE LA CASA Nº DOS DE LA C/ TEMPLARIOS DE VALLADOLID",7827307UM5172F0020F0,0,47011,VALLADOLID,420,5
FINCA 33079/A DEL REGISTRO DE LA PROPIEDAD Nº 31 DE MADRID,"calle guabairo nº 13, escalera 1, planta 5, puerta b",28047,MADRID,Madrid,421,11
"VIVIENDA EN LA CALLE VIRGEN DE LA CABEZA Nº. 8-2º-3ª-ESCALERA A, 46014-VALENCIA",4211314YJ2741A00060B,0,46014,VALENCIA,426,8
"Vivienda en tercera planta alta, puerta SIETE, recayente a la derecha. Tipo L. Se compone de vestíbulo, cuatro dormitorios, comedor, dos aseos, cocina, terraza y galería. Ocupa una superficie de cien metros y treinta y nueve decímetros cuadrados. Linda por frente, derecha y fondo, los generales del edificio; e izquierda, vivienda, puerta OCHO, escalera y patio de luces. Casa en Carcagente, con fachada recayente a la Calle de Cándido Hernández, en la se corresponde el numero veintinueve de policía. Se compone de planta baja con dos viviendas y en el centro aproximado de éstas patio o zaguán con escalera que conduce a cuatro pisos altos, con dos viviendas en cada uno de ellos y terrado de uso común para toda la finca. Ocupa una superficie de doscientos cincuenta y siete metros, sesenta y siete decímetros cuadrados.",Cándido Hernández nº 43 3-7,46740,Carcaixent,Valencia/València,429,8
"“URBANA: Número quince. Piso vivienda número dos tipo D en segunda planta en alto del Bloque número uno, situado en la Plaza de Jesús Divino Obrero, de esta capital, con acceso por el portal número dos de la calle Beato Henares.",Calle Beato Henares-Jesús Divino Obrero,14009,Córdoba,Córdoba,431,1
"URBANA: VIVIENDA LETRA B DE LA PLANTA PRIMERA TIPO DUPLEX del portad número treinta y nueve DE LA CALLE ALZINA DE Madrid, del edificio que forma parte de la promoción de viviendas denominada “Carabanchel Ensanche 4”. Consta de dos plantas comunicadas entre sí mediante escalera interior. Tiene su acceso por planta primera.Consta de diversas dependencias y servicios. Tiene una superficie útil de 76,29 metros cuadrados. LINDA: En planta de acceso al frente con rellano de acceso y huecos de escalera y ascensor; A la izquierda con la calle Alzina; A la derecha con zona común adyacente a calle de nueva apertura; Al fondo con planta de acceso de vivienda primero","Calle Alzina nº 39 1º B, Madrid.",28054,MADRID,Madrid,435,11
"FINCA REGISTRAL Nº 84745 INSCRITA AL TOMO 2296 LIBRO 1213 FOLIO 66 DEL REGISTRO DE LA PROPIEDAD Nº 2 DE EL EJIDO URBANA: NÚMERO ONCE: Vivienda 1201. Vivienda de tipo A en planta baja del portal 2 del Edificio 1. Forma parte de un complejo urbano denominado VILLAS DE ALMERÍMAR RESIDENCIAL, en una parcela de terreno que es parte de la designada como A.2.3, del Sector S-3-SM ALMERIMAR II, en el paraje de las Playas de San Miguel, calle Mirafondo, número 2, en la Urbanización Almerímar, término de El Ejido. Se distribuye en varias dependencias y terraza. La superficie construida propia es de cincuenta metros y diez decímetros cuadrados, y la de la terraza de ocho metros y noventa y seis decímetros cuadrados. NO CONSTA SITUACIÓN POSESORIA NO CONSTA SI ES VIVIENDA HABITUAL","URBANIZACIÓN VILLAS DE ALMERIMAR,, EDIFICIO 1, PORTAL 2, PLANTA BAJA",4711,EL EJIDO,Almeria,436,1
"URBANA: Vivienda unifamiliar.- sita en la calle Sana Emilia, número cuarenta y siete de la villa de Brenes, Consta de una planta de altura, con una superficie construida de ciento veintitrés metros y ochenta ycuatro decímetros cuadrados y trastero con superficie construida de veintidós metros y treinta y ocho decímetros cuadrados, emplazada en parcela de ciento setenta y tres metros y setenta y siete decímetros cuadrados. Linda frente con la expresada calle de su situación, derecha de su entrada con parcela de esta misma procedencia vendida a Don José María Mendoza Catalán, e izquierda con otra de la misma procedencia vendida a Don Pedro de la Rosa Solís, y fondo con traseras de casas de la calle Nuestra Señora del Carmen. INSCRIPCIÓN: en el Registro de la Propiedad Número 3 de Sevilla, al Tomo 1.605, Libro 107, folio 64, Finca número 6.011.","C/Santa Emilia, nº 47",41310,BRENES,Sevilla,437,1
"ENTIDAD NÚMERO CUATRO. PISO SEGUNDO, PUERTA PRIMERA, de la casa sita en Hospitalet de Llobregat, calle Montseny, número 100.","calle Montseny, 100, piso 2º-1ª",8904,hospitalet de llobregat,Barcelona,438,7
"PISO EN PLANTA 4ª DE CALLE FORMENTOR, Nº 22 DE CAMAS (SEVILLA) CON SUPERFICIE DE 65,75M2",CALLE FORMENTOR Nº22,41900,CAMAS,Sevilla,440,1
"FINCA INSCRITA EN RELGISTRO DE LA PROPIEDAD N1 DE TORRELAVEGA AL TOMO 1796, LIBRO 304, FOLIO 97, FINCA Nº 15365.","PASEO MARINA ESPAÑOLA 1, ESCALERA E, 5º PUERTA E-1",39340,SUANCES,Cantabria,441,4
Casa en el Arrabal de San Frontis de Zamora en la plaza de Bermillo de Sayago,0474608TL7907S0001II,0,49120,ZAMORA,442,5
VIVIENDA DERECHA INTERIOR DEL PISO PRIMERO O PLANTA ALTA PRIMERA. FORMA PARTE INTEGRANTE DE LA SIGUIENTE FINCA: CASA CUADRUPLE SEÑALADA CON EL NÚMERO UNO DE LA CALLE GOYA DE LA VILLA DE BILBAO,48027000462652,0,48002,BILBAO,443,13
"LOTE ÚNICO: URBANA. NUMERO TREINTA Y OCHO.- VIVIENDA DUPLEX DENOMINADA ¿D¿ EN PLANTA SEGUNDA DEL PORTAL O ESCALERA NUMERO UNO del Edificio en construcción :denominado ¿Guadiaro¿, sito en esta ciudad, entre las calles RECREO, GAS y PLAZA DEL ARBOL con acceso por esta última.INSCRIPCIÓN: Registro de la Propiedad de Cádiz nº 1, al Tomo 1339, Libro 281, Folio 170. Finca registral nº 19929","VIVIENDA DUPLEX DENOMINADA ¿D¿ EN PLANTA SEGUNDA DEL PORTAL O ESCALERA NUMERO UNO del Edificio en construcción denominado ¿Guadiaro¿, sito en esta ciudad, entre las calles RECREO, GAS y PLAZA DEL ARBOL con acceso por esta última",11009,CADIZ,Cádiz,446,1
"INMUEBLE SITO EN C/ ALGABA Nº 12, 4º IZQUIERDA","C/ALGABA Nº 12, 4º IZQ",28019,MADRID,Madrid,448,11
VIVIENDA LETRA C EN PLANTA PRIMERA DE CALLE BEATA MADRE MARIA ANTONIA 10 DE CIEMPOZUELOS,VALLE BEATA MADRE MARIA ANTONIA 10,28350,CIEMPOZUELOS,Madrid,449,11
"* Vivienda del tipo siete, en planta sexta. Ocupa superficie construída de 61,07 metros cuadrados. Se le asigna como anejo ins* Vivienda del tipo siete, en planta sexta. Ocupa superficie construída de 61,07 metros cuadrados. Se le asigna como anejo inseparable un trastero situado en la planta octava señalado con el número 322 de 5,03 metros cuadrados construídos y la plaza de aparcamiento en sótano 1º señalado con el número 332. Ubicada en el edificio denominado "" Costa Caribe II "".",EDIFICIO COSTA CARIBE II,12594,OROPESA DEL MAR,Castellón/Castelló,451,8
"VIVIENDA SITA EN CALLE PABLO LAFARGUE Nº 26, 2º D MADRID","C/ PABLO LAFARGUE Nº 26, 2º D",28017,MADRID,Madrid,452,11
"Vivienda o piso en la planta primera, a la derecha subiendo por la escalera que nace del portal señalado con la letra B de la calle Arcipreste Gutiérrez de Villarrobledo, con extensión edificada de 108,39 m2, y útil de 89,77 m2, según proyecto y memoria, distribuidos en vestíbulo, pasillo, estar-comedor, tres dormitorios, cuarto de baño, cocina, despensa, terraza y balcón. Linda: frente, descansillo de escalera y patio de luces; derecha, piso primero izquierda, es decir, la finca especial número nueve correspondiente al portal señalado conla letra A; izquierda, piso primero centro de esta planta, o finca especial número catorce; y fondo, Pasaje. Cuota de participación: Tiene asignada una cuota de cinco enteros y quince centésimas de otro entero por ciento.",CALLE ARCIPRESTE GUTIERREZ Nº13 1º B,2600,Villarrobledo,Albacete,454,6
"URBANA.- Casa sita en la calle José Ruiz Canela, nº15 de gobierno, antes Ramón y Cajal, nº13 de la villa de Moriles. Tiene una superficie de 105 metros y 60 decímetros cuadrados. Linda: al fondo, con herederos de Fernando Fernández Doblas; a la izquierda, con la de Francisco Muñoz Bergillos; a la derecha entrando, con la de Antonio Dorado Navarro.",CALLE JOSE RUIZ CANELA Nº15,14510,MORILES,Córdoba,457,1
VIVIENDA DUPLEX EN SOLAR DE CALLE GONGORA DE BALERMA,CALLE GONGORA Nº 88,4712,BALERMA,Almeria,458,1
"FINCA Nº 28.586: URBANA Nº4, VIVIENDA LETRA D, SITUADA EN LA PLANTA PRIMERA DERECHA DEL EDIFICIO DE MORA (TOLEDO), EN LA CALLE TOLEDO Nº 77. DATOS REGISTRALES: INSCRITA EN EL REGISTRO DE LA PROPIEDAD DE ORGAZ AL TOMO 1436, LIBRO 338 Y FOLIO 108",CALLE TOLEDO Nº 77,45400,MORA,Toledo,459,6
"Piso en Olot de 98,76 m2","c/ Abat Racimir, 71, 3r 2a",17800,OLOT,Girona,461,7
FINCA 43028 VILAREAL,C/ VALL DUIXO 10-1 C,12540,VILAREAL,Castellón/Castelló,462,8
"LOTE único: Finca registral: 26.153 Inscripción: 5ª, Tomo: 1.896 Libro: 405 de Madrid Folio: 130, inscrita en el Registro de la Propiedad nº 54 de Madrid, sita en la C/ Julio Montero, 22. Bajo, 28034 Madrid Datos registrales: Registro de la Propiedad: Madrid nº 54 CRU: 28116001855849 - Tipo o valoración definitiva del bien a efectos de subasta: 140.686 euros","C/ Julio Montero, 22. Bajo, 28034 Madrid",28034,madrid,Madrid,465,11
"VVIIENDA SITA EN C/ TERREROS, 6 - 3º A PINTO, INSCRITA EN EL REGISTRO PROPIEDAD Nº 2 PINTO, FINCA REGISTRAL 15.433","C/ TERREROS, 6 - 3º A",28320,PINTO,Madrid,467,11
"VIVIENDA CALLE VETUSTA Nº4, PISO 2º DCHA, CON UNA SUPERIFICIE ÚTIL DE SESENTA Y UN METROS TREINTA Y CUATRO DECÍMETROS CUADRADOS. CONSTA DE VESTÍBULO, COCINA COMEDOR-ESTAR, BAÑO, LAVADERO Y TRES DORMITORIOS.",3561006TP6236S0013WJ,0,33402,AVILÉS,470,5
"finca en Alcala de Henares, vivienda unifamiliar identificada como A9 del sector 36 del PGOU , hoy Calle Maria Zambrano 47",Maria Zambrano 47,28804,Alcala de Henares,Madrid,472,11
"DESCRIPCION: AV CIUDAD DE BARCELONA Nº 57,PLANTA 4, PUERTA 5. MADRIDINSCRIPCION:FINCA REGISTRAL Nº 22.698 INSCRITA EN EL REGISTRO DE LA PROPIEDAD Nº 2 DE MADRID ,INSCRIPCIÓN 14",2728305VK4722H0160,0,28007,MADRID,473,11
"URBANA.- NUMERO CIENTO CUATRO. En segunda planta alta, vivienda tipo G, puerta número diez, con una superficie útil de cincuenta y un metros. noventa y cuatro decimetros. Está ubicada, y forma parte, como propiedad horizontal, de la siguiente: Casa en la ciudad de Valencia, calle Arquitecto Rodriguez, número 41, hoy 25, compuesta de planta baja, con cuatro locales comerciales y cuatro viviendas, y cinco pisos en alto, con seis viviendas en cada uno de ellos, en total treinta y cuatro viviendas y cuatro locales comerciales.",6250107YJ2765A0015JP,0,46019,VALENCIA,476,8
FINCA REGISTRAL Nº 29.755,C/ PEIRONCELY Nº19 -1º A,28053,MADRID,Madrid,477,11
"URBANA.- NÚMERO VEINTICINCO.- Piso sexto posterior derecha bajo cubierta, Letra y tipo A), Escalera A), del edificio situado en la denominada Área del Palais, conocido como Bloque D) , del conjunto residencial ""EI Parque"", con dos portales que se identifican con los números uno y tres de la calle Antonio Bascarán Asúnsulo, de esta ciudad de Oviedo.Tiene acceso por el portal número uno, Escalera A) de la Calle Antonio Bascarán Asúnsulo.Tiene como ANEJOS: a) PLAZA DE GARAJE señalada con el número OCHENTA Y OCHO, situada en el sótano primero b) TRASTERO señalado con el número CIENTO UNO, situado en la planta bajo cubierta.","Calle Antonio Bascarán Asúnsulo número 1, escalera A, Piso sexto posterior derecha bajo cubierta, Letra y tipo A), Escalera A)",33010,Oviedo,Asturias,482,3
".- VIVIENDA UNIFAMILAR TIPO C-3, distribuida en cuatro plantas, con varias dependencias y servicios. Construida sobre la parcela 5-3 solar con una extensión superficial de 391,38 metros cuadrados. Forma parte de un Conjunto de Edificación conocido como LOMA VERDE VIII FASE en la urbanización del mismo nombre, entre las calles Los Abertos, Los Ciruelos y Cañaveral, en término de Albolote. Actualmente Calle Abertos nº 38. Es la finca registral número 12.460 inscrita en el Registro de la Propiedad nº 5 de Granada al libro 173, folio 21.",C/ALBERTOS Nº38,18220,ALBOLOTE,Granada,484,1
"URBANA.- Casa vivenda unifamiliar aïllada, situada al terme municipal de Querol, urbanització ""Mas Bermell"", amb front a l'Av. dels Esports s/n; composada únicament de planta baixa, que medeix el total de 86 metres quadrats, dels quals 12 corresponen al local destinat a magatzem, i la resta a vivenda, amb les seves corresponents habitacions i serveis. La coberta és de teula. Té una superfície total construïda de 86 metres quadrats. La superfície del solar, que és la parcel·la 488, és de 1.135 metres quadrats, i la resta del solar, és a dir, 1.049 metres quadrats, està destinat a jardí.","URBANIZACION ""MAS bERMELL""",43816,QUEROL,Tarragona,487,7
FINCA URBANA,CALLE BURGOS N2,28830,SAN FERNANDO DE HENARES,Madrid,491,11
"Vivienda sita en planta 5º puerta A calle Pintor Perez Pizarro 5, bloque 13, con una superficie util de 85,26 m2","C/ PINTOR PEREZ PIZARRO 5, 5º A",3011,ALICANTE,Alicante/Alacant,492,8
"URBANA: Elemento número tres. Vivienda en planta segunda, distribuida en varias dependencias, de un edificio tres plantas, sito en La Loma de Santo Domingo, término de El Ejido, con una superficie construida de ciento ochenta y seis metros, treinta y seis decímetros cuadrados, y útil de ciento cuarenta y seis metros, quince decímetros cuadrados, que linda: Norte, con la calle La Piedad; Sur, con calle David; Este, Don Alfonso García Jiménez; y Oeste, Don Manuel y Don José María Martín Fornieles. Cuota : Treinta y cinco por ciento”","CL PIEDAD,9,PL 2º.STO.DOMINGO",4700,EL EJIDO,Almeria,493,1
"urbana, ocho, vivienda. Primero D, situada en la planta primera alta del edificio uno situado en la Avenida de la Banqueta, 45.","avda. de la Banqueta nº 45, vivienda 8 , 1º D",11300,La Línea de la Concepción,Cádiz,496,1
"URBANA: FINCA NUMERO NOVENTA Y CINCO. VIVIENDA en planta quinta, puerta tercera, del edificio sito en término de Tarragona, Urbanización Sant Salvador, Avenida Pallaresos, ciento treinta y tres, antes portal 107 o bloque 4, parcel·la 5, manzana 4, en término de Pallaresos, partida ""Corralot"" y ""Planot"". Tiene una superficie construida distribuida interiormente de sesenta y dos metros sesenta y siete decímetros cuadrados.","Av. Pallaresos, 133, esc 10, 6-3",43130,Tarragona,Tarragona,500,7
